venda_id;cliente_id;produto_id;data;municipio;uf;quantidade;preco_unitario
V0001;C033;P06;2025-06-13;Macapá;AP;2;45.50
V0002;C036;P04;2025-11-04;Santana;AP;10;45.50
V0003;C029;P02;2025-09-09;Manaus;AM;1;R$ 45,50
V0004;C019;P01;11/02/2025;Manaus;AM;8;12.50
V0005; c044 ;P03;2025-12-17;Macapá;ap;4;32.40
V0006;C060;P03;2025-05-09;Santarém;PA;7;R$ 25,00
V0007;C047;P03;2025-11-23;Manaus;AM;2;12.50
V0008;C019;P04;03/10/2025;Manaus;AM;3;25.00
V0009;C055;P06;2025-06-08;Manaus;AM;6;R$ 12,50
V0010; c006 ;P04;2025-08-25;Belém;pa;10;32.40
V0011;C028;P05;2025-09-13;Manaus;AM;10;12.50
V0012;C017;P04;23/07/2025;Santarém;PA;10;R$ 45,50
V0013;C052;P01;2025-09-20;Santarém;PA;10;45.50
V0014;C046;P05;2025-03-08;Santana;AP;11;12.50
V0015; c031 ;P02;2025-11-15;Macapá;ap;8;R$ 32,40
V0016;C045;P04;04/03/2025;Santana;AP;11;65.00
V0017;C036;P04;2025-10-07;Santarém;PA;11;25.00
V0018;C033;P06;2025-10-08;Belém;PA;8;R$ 65,00
V0019;C019;P03;2025-08-10;Santarém;PA;1;18.90
V0020; c057 ;P05;18/03/2025;Macapá;ap;-2;65.00
V0021;C059;P02;2025-09-08;Manaus;AM;5;R$ 25,00
V0022;C050;P04;2025-08-27;Santarém;PA;7;45.50
V0023;C054;P03;31/02/2025;Manaus;AM;6;12.50
V0024;C045;P06;20/02/2025;Santarém;PA;9;R$ 32,40
V0025; c028 ;P06;2025-08-20;Belém;pa;8;18.90
V0026;C058;P04;2025-11-29;Macapá;AP;6;25.00
V0027;C055;P04;2025-04-10;Macapá;AP;3;R$ 65,00
V0028;C001;P04;08/01/2025;Santarém;PA;10;12.50
V0029;C999;P02;2025-02-12;Manaus;AM;4;45.50
V0030; c049 ;P05;2025-11-14;Macapá;ap;5;R$ 12,50
V0031;C021;P06;2025-03-21;Belém;PA;10;
V0032;C047;P02;09/09/2025;Manaus;AM;9;65.00
V0033;C009;P05;2025-08-31;Santana;AP;12;R$ 45,50
V0034;C027;P06;2025-05-29;Manaus;AM;3;12.50
V0035; c033 ;P04;2025-10-28;Santana;ap;7;25.00
V0036;C025;P01;24/09/2025;Santana;AP;2;R$ 18,90
V0037;C054;P99;2025-02-07;Santarém;PA;11;12.50
V0038;C033;P04;2025-01-14;Belém;PA;6;12.50
V0039;C059;P01;2025-08-19;Belém;PA;8;R$ 25,00
V0040; c052 ;P02;20/10/2025;Santarém;pa;-2;45.50
V0041;C028;P05;2025-09-24;Manaus;AM;6;18.90
V0042;C044;P06;2025-11-03;Santarém;PA;2;R$ 18,90
V0043;C013;P06;2025-07-24;Manaus;AM;3;12.50
V0044;C060;P01;28/11/2025;Macapá;AP;8;45.50
V0045; c044 ;P01;2025-09-05;Santana;ap;3;R$ 65,00
V0046;C058;P02;31/02/2025;Manaus;AM;3;45.50
V0047;C028;P05;2025-07-19;Santana;AP;7;25.00
V0048;C012;P03;16/07/2025;Macapá;AP;3;R$ 25,00
V0049;C050;P04;2025-08-26;Belém;PA;5;32.40
V0050; c034 ;P04;2025-04-01;Santarém;pa;8;25.00
V0051;C051;P03;2025-09-27;Macapá;AP;2;R$ 45,50
V0052;C006;P04;29/04/2025;Santana;AP;11;12.50
V0053;C051;P06;2025-07-28;Belém;PA;3;45.50
V0054;C023;P05;2025-06-30;Macapá;AP;11;R$ 18,90
V0055; c008 ;P05;2025-10-03;Manaus;am;12;18.90
V0056;C047;P02;12/10/2025;Belém;PA;10;45.50
V0057;C043;P05;2025-10-16;Belém;PA;3;R$ 25,00
V0058;C999;P02;2025-05-16;Macapá;AP;2;12.50
V0059;C052;P02;2025-07-02;Macapá;AP;11;65.00
V0060; c018 ;P05;17/09/2025;Macapá;ap;-2;R$ 25,00
V0061;C017;P03;2025-06-11;Belém;PA;2;18.90
V0062;C027;P01;2025-07-30;Macapá;AP;1;
V0063;C020;P01;2025-05-01;Macapá;AP;2;R$ 12,50
V0064;C021;P04;23/10/2025;Manaus;AM;10;25.00
V0065; c021 ;P05;2025-01-20;Manaus;am;4;32.40
V0066;C044;P01;2025-08-25;Manaus;AM;11;R$ 32,40
V0067;C060;P03;2025-09-14;Belém;PA;7;65.00
V0068;C048;P06;02/07/2025;Belém;PA;7;12.50
V0069;C022;P03;31/02/2025;Macapá;AP;12;R$ 65,00
V0070; c021 ;P05;2025-06-02;Macapá;ap;1;32.40
V0071;C036;P01;2025-06-25;Manaus;AM;12;18.90
V0072;C008;P01;25/03/2025;Macapá;AP;1;R$ 45,50
V0073;C039;P06;2025-09-25;Santana;AP;11;25.00
V0074;C038;P99;2025-01-15;Belém;PA;6;32.40
V0075; c016 ;P04;2025-07-16;Santarém;pa;11;R$ 32,40
V0076;C035;P01;06/03/2025;Santana;AP;11;18.90
V0077;C026;P03;2025-12-17;Manaus;AM;3;45.50
V0078;C018;P05;2025-01-12;Santana;AP;8;R$ 12,50
V0079;C009;P06;2025-05-16;Santarém;PA;10;25.00
V0080; c003 ;P06;02/04/2025;Macapá;ap;-2;45.50
V0081;C034;P06;2025-06-24;Belém;PA;6;R$ 65,00
V0082;C041;P02;2025-12-03;Macapá;AP;8;12.50
V0083;C033;P02;2025-04-24;Macapá;AP;12;65.00
V0084;C051;P02;29/12/2025;Santarém;PA;9;R$ 25,00
V0085; c024 ;P03;2025-06-25;Belém;pa;8;18.90
V0086;C058;P06;2025-10-08;Santarém;PA;10;32.40
V0087;C999;P04;2025-04-07;Belém;PA;3;R$ 18,90
V0088;C053;P05;03/01/2025;Santarém;PA;12;25.00
V0089;C012;P01;2025-01-20;Santarém;PA;5;65.00
V0090; c017 ;P02;2025-10-07;Belém;pa;12;R$ 65,00
V0091;C014;P06;2025-01-10;Macapá;AP;10;45.50
V0092;C026;P04;31/02/2025;Belém;PA;9;12.50
V0093;C011;P05;2025-11-26;Manaus;AM;2;
V0094;C025;P03;2025-03-14;Macapá;AP;9;65.00
V0095; c048 ;P05;2025-06-08;Belém;pa;11;12.50
V0096;C019;P05;25/03/2025;Santana;AP;5;R$ 25,00
V0097;C013;P06;2025-03-10;Belém;PA;11;32.40
V0098;C031;P04;2025-11-07;Macapá;AP;6;65.00
V0099;C034;P01;2025-03-29;Manaus;AM;3;R$ 65,00
V0100; c011 ;P01;04/10/2025;Belém;pa;-2;18.90
V0101;C042;P01;2025-12-08;Manaus;AM;6;65.00
V0102;C014;P05;2025-07-08;Macapá;AP;3;R$ 25,00
V0103;C009;P01;2025-11-09;Manaus;AM;6;18.90
V0104;C005;P04;24/02/2025;Santarém;PA;5;65.00
V0105; c008 ;P03;2025-06-04;Manaus;am;8;R$ 65,00
V0106;C034;P02;2025-03-03;Santarém;PA;6;45.50
V0107;C006;P01;2025-10-27;Santarém;PA;2;25.00
V0108;C049;P06;09/06/2025;Santarém;PA;4;R$ 25,00
V0109;C033;P05;2025-06-16;Santana;AP;6;32.40
V0110; c026 ;P03;2025-12-03;Belém;pa;3;32.40
V0111;C056;P99;2025-08-26;Santana;AP;6;R$ 18,90
V0112;C025;P02;29/07/2025;Belém;PA;3;45.50
V0113;C048;P02;2025-10-18;Santarém;PA;7;65.00
V0114;C021;P03;2025-06-18;Belém;PA;8;R$ 12,50
V0115; c041 ;P03;31/02/2025;Belém;pa;4;45.50
V0116;C999;P01;15/03/2025;Belém;PA;5;45.50
V0117;C041;P04;2025-10-22;Belém;PA;7;R$ 32,40
V0118;C022;P06;2025-10-09;Macapá;AP;7;65.00
V0119;C050;P04;2025-02-18;Belém;PA;11;65.00
V0120; c028 ;P03;22/09/2025;Manaus;am;-2;R$ 18,90
V0121;C047;P02;2025-01-31;Belém;PA;1;32.40
V0122;C017;P02;2025-10-14;Belém;PA;6;65.00
V0123;C027;P04;2025-11-26;Manaus;AM;8;R$ 45,50
V0124;C049;P02;07/01/2025;Belém;PA;11;
V0125; c021 ;P01;2025-12-05;Macapá;ap;4;25.00
V0126;C040;P06;2025-09-21;Santarém;PA;6;R$ 25,00
V0127;C013;P05;2025-10-12;Macapá;AP;1;65.00
V0128;C015;P04;21/03/2025;Macapá;AP;4;25.00
V0129;C046;P03;2025-12-11;Manaus;AM;2;R$ 18,90
V0130; c034 ;P06;2025-08-02;Manaus;am;10;65.00
V0131;C002;P03;2025-03-10;Manaus;AM;7;12.50
V0132;C047;P05;05/04/2025;Macapá;AP;4;R$ 45,50
V0133;C022;P03;2025-12-03;Santarém;PA;6;65.00
V0134;C017;P04;2025-11-07;Belém;PA;6;32.40
V0135; c032 ;P02;2025-01-19;Belém;pa;1;R$ 65,00
V0136;C054;P04;07/07/2025;Santarém;PA;4;25.00
V0137;C054;P06;2025-05-21;Belém;PA;7;45.50
V0138;C004;P04;31/02/2025;Belém;PA;2;R$ 45,50
V0139;C050;P03;2025-12-16;Manaus;AM;8;45.50
V0140; c034 ;P05;16/02/2025;Manaus;am;-2;45.50
V0141;C022;P03;2025-06-12;Santarém;PA;3;R$ 65,00
V0142;C049;P03;2025-10-15;Macapá;AP;9;18.90
V0143;C007;P05;2025-07-16;Manaus;AM;4;65.00
V0144;C014;P04;26/08/2025;Macapá;AP;9;R$ 18,90
V0145;C999;P03;2025-03-06;Manaus;am;12;45.50
V0146;C044;P03;2025-03-11;Santarém;PA;6;45.50
V0147;C047;P05;2025-09-30;Santarém;PA;4;R$ 45,50
V0148;C046;P99;07/11/2025;Santana;AP;12;45.50
V0149;C037;P01;2025-03-09;Santana;AP;11;65.00
V0150; c053 ;P02;2025-05-24;Macapá;ap;3;R$ 25,00
V0151;C023;P02;2025-10-04;Belém;PA;8;65.00
V0152;C004;P02;06/04/2025;Santana;AP;11;65.00
V0153;C040;P04;2025-07-31;Santana;AP;9;R$ 65,00
V0154;C033;P03;2025-06-03;Macapá;AP;9;18.90
V0155; c048 ;P04;2025-08-27;Macapá;ap;3;
V0156;C033;P01;16/03/2025;Belém;PA;8;R$ 65,00
V0157;C023;P05;2025-01-30;Macapá;AP;12;12.50
V0158;C011;P05;2025-06-18;Belém;PA;4;12.50
V0159;C028;P02;2025-08-05;Macapá;AP;3;R$ 65,00
V0160; c032 ;P02;26/04/2025;Santana;ap;-2;65.00
V0161;C047;P04;31/02/2025;Santana;AP;8;32.40
V0162;C020;P06;2025-12-27;Belém;PA;12;R$ 18,90
V0163;C031;P01;2025-10-14;Santarém;PA;4;45.50
V0164;C023;P06;01/03/2025;Santana;AP;11;12.50
V0165; c008 ;P02;2025-12-19;Manaus;am;4;R$ 18,90
V0166;C002;P05;2025-04-07;Santarém;PA;3;32.40
V0167;C024;P04;2025-05-28;Belém;PA;1;65.00
V0168;C057;P03;24/09/2025;Santarém;PA;6;R$ 32,40
V0169;C051;P02;2025-03-12;Santarém;PA;9;12.50
V0170; c025 ;P05;2025-07-03;Santana;ap;11;32.40
V0171;C043;P05;2025-01-25;Manaus;AM;6;R$ 65,00
V0172;C030;P04;16/12/2025;Belém;PA;6;12.50
V0173;C007;P03;2025-09-27;Manaus;AM;5;45.50
V0174;C999;P01;2025-02-11;Macapá;AP;9;R$ 45,50
V0175; c025 ;P06;2025-10-16;Santarém;pa;10;12.50
V0176;C035;P01;11/11/2025;Santarém;PA;3;32.40
V0177;C007;P04;2025-03-10;Belém;PA;2;R$ 12,50
V0178;C002;P01;2025-10-01;Santana;AP;12;25.00
V0179;C008;P06;2025-11-05;Macapá;AP;6;45.50
V0180; c016 ;P03;07/06/2025;Santana;ap;-2;R$ 32,40
V0181;C026;P02;2025-12-20;Santarém;PA;9;18.90
V0182;C032;P02;2025-08-03;Belém;PA;10;12.50
V0183;C050;P01;2025-08-13;Santana;AP;10;R$ 18,90
V0184;C031;P05;31/02/2025;Santarém;PA;1;32.40
V0185; c047 ;P99;2025-04-22;Santarém;pa;9;32.40
V0186;C016;P05;2025-03-13;Santarém;PA;6;
V0187;C038;P01;2025-08-10;Belém;PA;6;65.00
V0188;C034;P01;24/09/2025;Manaus;AM;10;18.90
V0189;C005;P05;2025-04-22;Belém;PA;3;R$ 45,50
V0190; c052 ;P01;2025-07-27;Santarém;pa;7;12.50
V0191;C013;P01;2025-01-03;Santarém;PA;5;18.90
V0192;C059;P03;26/09/2025;Santana;AP;2;R$ 25,00
V0193;C014;P06;2025-03-27;Belém;PA;11;12.50
V0194;C036;P06;2025-03-01;Manaus;AM;1;32.40
V0195; c054 ;P05;2025-12-22;Belém;pa;11;R$ 32,40
V0196;C042;P04;08/04/2025;Macapá;AP;1;65.00
V0197;C042;P01;2025-02-16;Belém;PA;5;18.90
V0198;C040;P06;2025-01-04;Santana;AP;1;R$ 25,00
V0199;C057;P06;2025-05-13;Santarém;PA;12;12.50
V0200; c041 ;P05;27/03/2025;Manaus;am;-2;45.50
V0201;C053;P01;2025-05-02;Manaus;AM;9;R$ 32,40
V0202;C026;P04;2025-04-27;Belém;PA;2;45.50
V0203;C999;P04;2025-01-17;Santana;AP;9;12.50
V0204;C040;P02;14/08/2025;Macapá;AP;3;R$ 65,00
V0205; c013 ;P05;2025-03-26;Santana;ap;6;45.50
V0206;C042;P02;2025-05-23;Santarém;PA;8;65.00
V0207;C005;P06;31/02/2025;Macapá;AP;3;R$ 25,00
V0208;C053;P04;22/09/2025;Manaus;AM;12;18.90
V0209;C012;P04;2025-12-18;Santana;AP;9;25.00
V0210; c053 ;P04;2025-03-13;Macapá;ap;2;R$ 12,50
V0211;C043;P05;2025-11-19;Santarém;PA;6;32.40
V0212;C048;P06;02/07/2025;Manaus;AM;10;12.50
V0213;C016;P01;2025-11-29;Macapá;AP;7;R$ 25,00
V0214;C044;P05;2025-06-05;Santana;AP;11;45.50
V0215; c048 ;P05;2025-04-02;Manaus;am;1;25.00
V0216;C012;P06;25/06/2025;Macapá;AP;8;R$ 65,00
V0217;C043;P04;2025-02-19;Manaus;AM;3;
V0218;C031;P01;2025-09-15;Manaus;AM;2;65.00
V0219;C034;P03;2025-01-03;Santana;AP;3;R$ 45,50
V0220; c029 ;P05;10/05/2025;Santarém;pa;-2;12.50
V0221;C041;P01;2025-07-15;Santana;AP;8;65.00
V0222;C015;P99;2025-03-04;Manaus;AM;8;R$ 12,50
V0223;C029;P04;2025-07-17;Macapá;AP;12;25.00
V0224;C048;P05;09/05/2025;Belém;PA;7;32.40
V0225; c053 ;P02;2025-06-01;Santarém;pa;2;R$ 25,00
V0226;C014;P02;2025-10-08;Manaus;AM;12;12.50
V0227;C015;P06;2025-12-31;Belém;PA;11;32.40
V0228;C015;P04;26/03/2025;Belém;PA;3;R$ 12,50
V0229;C035;P04;2025-06-21;Manaus;AM;4;65.00
V0230; c059 ;P05;31/02/2025;Manaus;am;9;25.00
V0231;C023;P04;2025-12-22;Santarém;PA;4;R$ 25,00
V0232;C999;P06;18/09/2025;Santana;AP;10;25.00
V0233;C055;P04;2025-06-03;Santana;AP;11;18.90
V0234;C025;P06;2025-03-06;Manaus;AM;8;R$ 32,40
V0235; c048 ;P01;2025-11-10;Macapá;ap;10;25.00
V0236;C020;P04;22/06/2025;Manaus;AM;4;45.50
V0237;C052;P06;2025-09-19;Manaus;AM;10;R$ 25,00
V0238;C049;P04;2025-06-29;Manaus;AM;9;25.00
V0239;C034;P04;2025-01-07;Santana;AP;7;32.40
V0240; c036 ;P05;06/07/2025;Manaus;am;-2;R$ 18,90
V0241;C016;P02;2025-01-15;Belém;PA;3;12.50
V0242;C031;P02;2025-11-13;Santarém;PA;7;32.40
V0243;C002;P05;2025-04-08;Manaus;AM;2;R$ 25,00
V0244;C026;P01;01/03/2025;Macapá;AP;8;18.90
V0245; c034 ;P06;2025-06-27;Manaus;am;2;65.00
V0246;C020;P01;2025-05-01;Santarém;PA;2;R$ 25,00
V0247;C010;P04;2025-06-24;Macapá;AP;11;65.00
V0248;C007;P02;20/02/2025;Santarém;PA;9;
V0249;C012;P01;2025-06-24;Santarém;PA;2;R$ 45,50
V0250; c029 ;P04;2025-05-02;Belém;pa;2;18.90
V0251;C006;P01;2025-08-05;Manaus;AM;11;18.90
V0252;C029;P04;05/08/2025;Santarém;PA;1;R$ 12,50
V0253;C048;P01;31/02/2025;Santarém;PA;1;25.00
V0254;C041;P01;2025-04-03;Santarém;PA;5;32.40
V0255; c028 ;P01;2025-09-26;Manaus;am;6;R$ 18,90
V0256;C039;P05;06/01/2025;Santana;AP;5;18.90
V0257;C045;P02;2025-08-11;Belém;PA;6;12.50
V0258;C006;P05;2025-07-30;Macapá;AP;10;R$ 65,00
V0259;C055;P99;2025-06-13;Belém;PA;10;32.40
V0260; c053 ;P05;30/04/2025;Belém;pa;-2;65.00
V0261;C999;P01;2025-09-28;Santana;AP;9;R$ 32,40
V0262;C030;P03;2025-05-09;Manaus;AM;7;45.50
V0263;C060;P06;2025-04-17;Belém;PA;10;65.00
V0264;C053;P05;25/03/2025;Santarém;PA;5;R$ 25,00
V0265; c056 ;P05;2025-06-09;Belém;pa;4;12.50
V0266;C039;P03;2025-04-12;Macapá;AP;12;45.50
V0267;C043;P03;2025-11-23;Belém;PA;7;R$ 12,50
V0268;C039;P04;10/11/2025;Santarém;PA;11;32.40
V0269;C049;P06;2025-07-10;Macapá;AP;8;32.40
V0270; c025 ;P03;2025-06-16;Manaus;am;1;R$ 45,50
V0271;C023;P03;2025-07-17;Belém;PA;8;65.00
V0272;C030;P01;04/07/2025;Macapá;AP;10;32.40
V0273;C035;P05;2025-12-30;Macapá;AP;1;R$ 25,00
V0274;C017;P04;2025-06-19;Macapá;AP;5;32.40
V0275; c014 ;P01;2025-01-02;Belém;pa;2;18.90
V0276;C046;P03;31/02/2025;Santana;AP;10;R$ 12,50
V0277;C044;P05;2025-08-22;Manaus;AM;9;12.50
V0278;C004;P03;2025-11-21;Manaus;AM;3;45.50
V0279;C008;P06;2025-08-03;Macapá;AP;2;
V0280; c056 ;P06;06/02/2025;Macapá;ap;-2;45.50
V0281;C029;P05;2025-01-19;Santarém;PA;12;18.90
V0282;C060;P03;2025-05-27;Macapá;AP;9;R$ 32,40
V0283;C027;P03;2025-04-08;Santarém;PA;3;12.50
V0284;C011;P05;24/11/2025;Belém;PA;7;45.50
V0285; c037 ;P04;2025-02-05;Macapá;ap;8;R$ 32,40
V0286;C010;P01;2025-11-22;Santarém;PA;5;65.00
V0287;C013;P03;2025-03-07;Macapá;AP;12;32.40
V0288;C010;P02;26/09/2025;Santarém;PA;6;R$ 45,50
V0289;C002;P01;2025-12-20;Santana;AP;4;25.00
V0290;C999;P04;2025-07-17;Santarém;pa;2;12.50
V0291;C043;P01;2025-07-07;Macapá;AP;5;R$ 45,50
V0292;C022;P03;23/04/2025;Manaus;AM;2;18.90
V0293;C008;P05;2025-10-03;Belém;PA;2;45.50
V0294;C023;P02;2025-08-26;Santana;AP;3;R$ 45,50
V0295; c017 ;P06;2025-04-10;Santana;ap;2;45.50
V0296;C042;P99;09/05/2025;Santarém;PA;6;45.50
V0297;C024;P04;2025-04-07;Santana;AP;2;R$ 18,90
V0298;C019;P05;2025-03-11;Manaus;AM;1;45.50
V0299;C047;P03;31/02/2025;Manaus;AM;8;18.90
V0300; c018 ;P04;06/06/2025;Macapá;ap;-2;R$ 18,90
V0301;C008;P03;2025-04-17;Macapá;AP;11;25.00
V0302;C021;P03;2025-02-06;Santarém;PA;5;32.40
V0303;C060;P01;2025-12-26;Santana;AP;5;R$ 12,50
V0304;C042;P02;16/02/2025;Santarém;PA;9;18.90
V0305; c013 ;P01;2025-01-16;Macapá;ap;11;25.00
V0306;C032;P05;2025-02-18;Belém;PA;7;R$ 25,00
V0307;C040;P02;2025-10-04;Belém;PA;1;65.00
V0308;C046;P04;13/12/2025;Belém;PA;11;45.50
V0309;C004;P06;2025-12-20;Santarém;PA;11;R$ 32,40
V0310; c035 ;P03;2025-07-05;Belém;pa;9;
V0311;C035;P01;2025-06-26;Manaus;AM;11;32.40
V0312;C060;P06;10/08/2025;Macapá;AP;1;R$ 32,40
V0313;C010;P06;2025-01-21;Manaus;AM;8;32.40
V0314;C059;P06;2025-03-03;Santarém;PA;6;65.00
V0315; c016 ;P04;2025-05-16;Macapá;ap;4;R$ 12,50
V0316;C030;P06;23/05/2025;Santana;AP;1;18.90
V0317;C034;P04;2025-01-20;Macapá;AP;6;65.00
V0318;C009;P02;2025-07-21;Santana;AP;12;R$ 65,00
V0319;C999;P04;2025-06-04;Manaus;AM;5;18.90
V0320; c028 ;P02;12/08/2025;Santarém;pa;-2;45.50
V0321;C056;P02;2025-07-12;Santarém;PA;10;R$ 25,00
V0322;C050;P06;31/02/2025;Manaus;AM;8;45.50
V0323;C016;P06;2025-06-12;Belém;PA;12;65.00
V0324;C055;P02;09/10/2025;Belém;PA;12;R$ 12,50
V0325; c030 ;P02;2025-04-06;Belém;pa;4;12.50
V0326;C027;P04;2025-06-08;Santana;AP;8;45.50
V0327;C057;P03;2025-05-21;Macapá;AP;12;R$ 65,00
V0328;C018;P04;19/11/2025;Macapá;AP;6;12.50
V0329;C033;P04;2025-07-18;Macapá;AP;12;45.50
V0330; c008 ;P06;2025-08-03;Belém;pa;11;R$ 12,50
V0331;C004;P05;2025-03-03;Belém;PA;3;65.00
V0332;C059;P03;16/06/2025;Santana;AP;4;45.50
V0333;C018;P99;2025-11-11;Belém;PA;11;R$ 65,00
V0334;C060;P03;2025-03-29;Belém;PA;8;45.50
V0335; c049 ;P06;2025-08-24;Belém;pa;12;45.50
V0336;C018;P03;09/10/2025;Macapá;AP;7;R$ 18,90
V0337;C006;P05;2025-04-02;Macapá;AP;6;32.40
V0338;C001;P06;2025-10-14;Santarém;PA;9;65.00
V0339;C057;P01;2025-02-05;Macapá;AP;12;R$ 12,50
V0340; c041 ;P02;17/11/2025;Macapá;ap;-2;25.00
V0341;C050;P01;2025-09-08;Macapá;AP;10;
V0342;C013;P05;2025-08-16;Macapá;AP;3;R$ 12,50
V0343;C003;P03;2025-04-13;Santarém;PA;8;18.90
V0344;C020;P05;13/04/2025;Macapá;AP;9;12.50
V0345; c034 ;P06;31/02/2025;Santarém;pa;2;R$ 65,00
V0346;C055;P01;2025-12-30;Santarém;PA;2;32.40
V0347;C023;P01;2025-07-25;Belém;PA;2;18.90
V0348;C999;P05;06/04/2025;Macapá;AP;4;R$ 12,50
V0349;C001;P06;2025-01-26;Macapá;AP;4;25.00
V0350; c011 ;P04;2025-01-04;Macapá;ap;4;25.00
V0351;C032;P01;2025-02-14;Santarém;PA;6;R$ 32,40
V0352;C016;P01;02/04/2025;Belém;PA;2;45.50
V0353;C003;P05;2025-08-03;Santana;AP;12;32.40
V0354;C056;P04;2025-03-18;Macapá;AP;8;R$ 45,50
V0355; c039 ;P06;2025-06-23;Macapá;ap;3;32.40
V0356;C011;P02;30/12/2025;Manaus;AM;10;45.50
V0357;C057;P02;2025-02-04;Manaus;AM;4;R$ 65,00
V0358;C032;P06;2025-02-01;Santarém;PA;2;18.90
V0359;C024;P05;2025-08-03;Manaus;AM;2;12.50
V0360; c039 ;P01;26/10/2025;Santana;ap;-2;R$ 45,50
V0361;C026;P04;2025-01-12;Santarém;PA;6;65.00
V0362;C058;P03;2025-05-14;Belém;PA;1;45.50
V0363;C053;P03;2025-07-22;Santarém;PA;2;R$ 18,90
V0364;C051;P05;13/09/2025;Santarém;PA;3;32.40
V0365; c013 ;P03;2025-10-25;Belém;pa;9;32.40
V0366;C008;P04;2025-03-12;Macapá;AP;11;R$ 25,00
V0367;C015;P06;2025-07-12;Santana;AP;7;25.00
V0368;C052;P02;31/02/2025;Santarém;PA;10;45.50
V0369;C051;P02;2025-12-04;Macapá;AP;1;R$ 45,50
V0370; c047 ;P99;2025-03-10;Manaus;am;3;65.00
V0371;C019;P02;2025-01-14;Santana;AP;7;65.00
V0372;C030;P06;25/09/2025;Santana;AP;1;
V0373;C024;P01;2025-11-21;Manaus;AM;7;65.00
V0374;C035;P05;2025-11-28;Macapá;AP;10;12.50
V0375; c020 ;P01;2025-08-19;Manaus;am;6;R$ 12,50
V0376;C004;P01;25/08/2025;Macapá;AP;4;45.50
V0377;C999;P02;2025-11-17;Santana;AP;7;18.90
V0378;C028;P06;2025-07-06;Manaus;AM;4;R$ 65,00
V0379;C059;P04;2025-09-27;Santarém;PA;7;18.90
V0380; c009 ;P01;26/11/2025;Macapá;ap;-2;45.50
V0381;C007;P02;2025-07-26;Manaus;AM;2;R$ 65,00
V0382;C026;P01;2025-09-28;Santana;AP;8;25.00
V0383;C009;P02;2025-01-11;Macapá;AP;9;18.90
V0384;C026;P05;20/12/2025;Santarém;PA;6;R$ 45,50
V0385; c009 ;P04;2025-05-14;Santana;ap;5;18.90
V0386;C003;P01;2025-06-13;Santarém;PA;4;25.00
V0387;C047;P06;2025-03-03;Belém;PA;1;R$ 12,50
V0388;C032;P01;10/04/2025;Santarém;PA;12;65.00
V0389;C008;P02;2025-02-07;Santarém;PA;5;65.00
V0390; c024 ;P01;2025-05-01;Santana;ap;7;R$ 65,00
V0391;C003;P05;31/02/2025;Belém;PA;9;25.00
V0392;C050;P01;07/10/2025;Santarém;PA;6;12.50
V0393;C025;P01;2025-04-22;Belém;PA;1;R$ 12,50
V0394;C010;P02;2025-11-18;Santana;AP;6;12.50
V0395; c023 ;P02;2025-03-22;Macapá;ap;1;12.50
V0396;C018;P05;02/03/2025;Belém;PA;3;R$ 12,50
V0397;C053;P01;2025-11-30;Manaus;AM;9;25.00
V0398;C037;P01;2025-05-28;Santana;AP;9;12.50
V0399;C026;P06;2025-04-20;Santana;AP;11;R$ 45,50
V0400; c052 ;P02;27/04/2025;Macapá;ap;-2;25.00
V0401;C012;P02;2025-03-08;Macapá;AP;12;18.90
V0402;C025;P02;2025-12-07;Manaus;AM;8;R$ 65,00
V0403;C026;P01;2025-08-26;Manaus;AM;5;
V0404;C059;P02;04/07/2025;Macapá;AP;5;25.00
V0405; c021 ;P03;2025-09-24;Santarém;pa;11;R$ 65,00
V0406;C999;P04;2025-05-12;Santana;AP;7;18.90
V0407;C046;P99;2025-02-06;Belém;PA;10;65.00
V0408;C047;P06;08/06/2025;Santarém;PA;8;R$ 25,00
V0409;C018;P06;2025-07-25;Santarém;PA;8;12.50
V0410; c015 ;P04;2025-04-25;Macapá;ap;12;45.50
V0411;C022;P01;2025-12-05;Macapá;AP;5;R$ 25,00
V0412;C030;P01;21/07/2025;Manaus;AM;10;25.00
V0413;C028;P03;2025-01-25;Santarém;PA;12;25.00
V0414;C033;P04;31/02/2025;Santana;AP;11;R$ 18,90
V0415; c035 ;P04;2025-03-27;Manaus;am;8;32.40
V0416;C049;P05;06/01/2025;Macapá;AP;7;45.50
V0417;C026;P05;2025-05-11;Belém;PA;5;R$ 25,00
V0418;C012;P01;2025-05-05;Macapá;AP;6;32.40
V0419;C053;P02;2025-10-04;Santarém;PA;7;18.90
V0420; c031 ;P03;14/12/2025;Santarém;pa;-2;R$ 12,50
V0421;C023;P01;2025-10-31;Manaus;AM;7;32.40
V0422;C032;P05;2025-10-07;Belém;PA;9;12.50
V0423;C057;P02;2025-01-23;Santana;AP;10;R$ 65,00
V0424;C003;P05;29/03/2025;Santarém;PA;11;18.90
V0425; c037 ;P03;2025-08-15;Manaus;am;4;32.40
V0426;C008;P01;2025-09-12;Manaus;AM;1;R$ 12,50
V0427;C051;P04;2025-09-23;Manaus;AM;7;45.50
V0428;C049;P05;16/01/2025;Macapá;AP;3;18.90
V0429;C002;P01;2025-01-07;Santana;AP;11;R$ 32,40
V0430; c040 ;P05;2025-11-12;Santarém;pa;5;18.90
V0431;C034;P02;2025-04-06;Belém;PA;1;32.40
V0432;C055;P03;20/03/2025;Santarém;PA;4;R$ 25,00
V0433;C018;P04;2025-08-28;Macapá;AP;7;32.40
V0434;C041;P02;2025-04-18;Belém;PA;2;
V0435;C999;P04;2025-12-24;Santarém;pa;8;R$ 32,40
V0436;C019;P01;23/03/2025;Manaus;AM;12;12.50
V0437;C020;P04;31/02/2025;Belém;PA;11;25.00
V0438;C029;P02;2025-12-03;Manaus;AM;11;R$ 32,40
V0439;C035;P05;2025-03-30;Belém;PA;10;12.50
V0440; c011 ;P01;18/04/2025;Macapá;ap;-2;18.90
V0441;C033;P04;2025-12-28;Santarém;PA;10;R$ 32,40
V0442;C054;P01;2025-03-27;Santana;AP;4;32.40
V0443;C012;P05;2025-04-07;Manaus;AM;5;12.50
V0444;C043;P99;16/02/2025;Santarém;PA;11;R$ 25,00
V0445; c050 ;P05;2025-11-23;Santana;ap;6;65.00
V0446;C004;P04;2025-11-12;Santana;AP;5;18.90
V0447;C021;P04;2025-06-22;Santana;AP;10;R$ 32,40
V0448;C007;P04;07/04/2025;Manaus;AM;12;32.40
V0449;C021;P02;2025-04-22;Santarém;PA;7;25.00
V0450; c058 ;P06;2025-12-29;Macapá;ap;5;R$ 32,40
V0451;C005;P03;2025-01-02;Belém;PA;6;12.50
V0452;C003;P05;27/05/2025;Manaus;AM;7;32.40
V0453;C019;P03;2025-11-21;Belém;PA;12;R$ 45,50
V0454;C041;P03;2025-01-15;Macapá;AP;12;32.40
V0455; c058 ;P03;2025-06-15;Manaus;am;9;12.50
V0456;C014;P02;01/01/2025;Macapá;AP;2;R$ 12,50
V0457;C017;P06;2025-08-08;Belém;PA;1;12.50
V0458;C058;P04;2025-12-31;Manaus;AM;9;18.90
V0459;C054;P06;2025-11-08;Macapá;AP;12;R$ 25,00
V0460; c059 ;P01;04/08/2025;Manaus;am;-2;12.50
V0461;C046;P03;2025-02-28;Macapá;AP;12;45.50
V0462;C025;P01;2025-05-15;Belém;PA;6;R$ 25,00
V0463;C023;P06;2025-07-01;Macapá;AP;11;32.40
V0464;C999;P02;13/11/2025;Santana;AP;2;65.00
V0465; c023 ;P03;2025-12-09;Macapá;ap;10;
V0466;C052;P02;2025-11-18;Macapá;AP;11;45.50
V0467;C033;P05;2025-10-09;Macapá;AP;12;65.00
V0468;C039;P03;26/05/2025;Macapá;AP;4;R$ 45,50
V0469;C015;P04;2025-06-03;Macapá;AP;11;18.90
V0470; c025 ;P06;2025-04-21;Santana;ap;10;65.00
V0471;C055;P01;2025-10-17;Santarém;PA;7;R$ 25,00
V0472;C010;P03;17/06/2025;Manaus;AM;8;25.00
V0473;C033;P01;2025-05-16;Belém;PA;6;65.00
V0474;C033;P01;2025-05-17;Manaus;AM;12;R$ 45,50
V0475; c034 ;P03;2025-07-09;Santarém;pa;7;25.00
V0476;C035;P03;17/06/2025;Santana;AP;6;18.90
V0477;C052;P04;2025-02-08;Santarém;PA;12;R$ 45,50
V0478;C042;P03;2025-05-14;Santana;AP;7;12.50
V0479;C032;P03;2025-04-21;Macapá;AP;1;25.00
V0480; c019 ;P02;27/10/2025;Santarém;pa;-2;R$ 65,00
V0481;C035;P99;2025-11-27;Santarém;PA;2;45.50
V0482;C016;P01;2025-12-03;Belém;PA;8;18.90
V0483;C015;P06;31/02/2025;Manaus;AM;1;R$ 25,00
V0484;C029;P04;21/05/2025;Santarém;PA;7;32.40
V0485; c034 ;P06;2025-12-11;Santana;ap;7;45.50
V0486;C001;P03;2025-02-07;Manaus;AM;12;R$ 45,50
V0487;C028;P01;2025-02-08;Belém;PA;4;45.50
V0488;C040;P06;24/01/2025;Belém;PA;6;32.40
V0489;C018;P02;2025-04-27;Santarém;PA;10;R$ 12,50
V0490; c026 ;P01;2025-05-22;Belém;pa;9;65.00
V0491;C025;P04;2025-08-17;Macapá;AP;9;25.00
V0492;C045;P03;11/09/2025;Macapá;AP;12;R$ 18,90
V0493;C999;P02;2025-07-24;Santarém;PA;3;25.00
V0494;C054;P03;2025-04-05;Macapá;AP;9;45.50
V0495; c022 ;P05;2025-03-07;Belém;pa;1;R$ 65,00
V0496;C058;P06;12/12/2025;Santana;AP;8;
V0497;C035;P01;2025-12-13;Manaus;AM;8;32.40
V0498;C032;P05;2025-09-22;Santarém;PA;5;R$ 45,50
V0499;C026;P06;2025-10-22;Manaus;AM;2;45.50
V0500; c035 ;P06;01/11/2025;Santarém;pa;-2;32.40
V0501;C027;P04;2025-09-09;Belém;PA;1;R$ 25,00
V0502;C042;P05;2025-07-04;Belém;PA;4;25.00
V0503;C035;P05;2025-09-08;Santarém;PA;12;12.50
V0504;C013;P01;15/09/2025;Santarém;PA;7;R$ 25,00
V0505; c057 ;P05;2025-05-14;Santana;ap;8;25.00
V0506;C017;P05;31/02/2025;Macapá;AP;4;32.40
V0507;C003;P02;2025-11-21;Santarém;PA;3;R$ 25,00
V0508;C006;P04;06/02/2025;Macapá;AP;3;45.50
V0509;C014;P03;2025-11-12;Santana;AP;8;12.50
V0510; c034 ;P01;2025-01-17;Belém;pa;8;R$ 25,00
V0511;C052;P03;2025-08-28;Santarém;PA;12;45.50
V0512;C038;P01;30/06/2025;Belém;PA;1;32.40
V0513;C058;P05;2025-07-17;Macapá;AP;3;R$ 45,50
V0514;C048;P05;2025-04-20;Manaus;AM;4;65.00
V0515; c031 ;P03;2025-08-17;Santana;ap;6;12.50
V0516;C021;P01;21/05/2025;Macapá;AP;2;R$ 18,90
V0517;C032;P06;2025-10-22;Belém;PA;9;18.90
V0518;C026;P99;2025-04-07;Santarém;PA;12;32.40
V0519;C020;P04;2025-09-05;Belém;PA;4;R$ 12,50
V0520; c011 ;P03;25/04/2025;Santana;ap;-2;12.50
V0521;C031;P01;2025-10-09;Santana;AP;4;32.40
V0522;C999;P01;2025-08-18;Santana;AP;5;R$ 25,00
V0523;C050;P04;2025-01-21;Santana;AP;5;45.50
V0524;C020;P02;24/09/2025;Santana;AP;2;18.90
V0525; c022 ;P05;2025-04-19;Belém;pa;2;R$ 18,90
V0526;C007;P06;2025-04-16;Manaus;AM;5;45.50
V0527;C019;P03;2025-06-20;Manaus;AM;2;
V0528;C026;P02;02/10/2025;Belém;PA;11;R$ 32,40
V0529;C024;P06;31/02/2025;Santarém;PA;3;18.90
V0530; c041 ;P02;2025-12-30;Macapá;ap;7;25.00
V0531;C053;P06;2025-02-05;Belém;PA;11;R$ 12,50
V0532;C058;P05;03/04/2025;Santarém;PA;6;32.40
V0533;C058;P06;2025-05-01;Manaus;AM;10;25.00
V0534;C052;P01;2025-04-01;Macapá;AP;1;R$ 32,40
V0535; c054 ;P04;2025-03-16;Belém;pa;6;45.50
V0536;C002;P03;06/06/2025;Manaus;AM;6;32.40
V0537;C015;P01;2025-11-19;Macapá;AP;1;R$ 45,50
V0538;C020;P04;2025-08-20;Macapá;AP;6;12.50
V0539;C050;P02;2025-06-18;Belém;PA;12;32.40
V0540; c034 ;P05;16/04/2025;Santana;ap;-2;R$ 25,00
V0541;C010;P04;2025-01-25;Santana;AP;12;18.90
V0542;C052;P01;2025-05-12;Belém;PA;9;45.50
V0543;C015;P02;2025-09-25;Manaus;AM;9;R$ 18,90
V0544;C051;P03;17/04/2025;Belém;PA;10;12.50
V0545; c008 ;P05;2025-12-22;Macapá;ap;3;32.40
V0546;C021;P02;2025-08-14;Santana;AP;6;R$ 25,00
V0547;C051;P03;2025-10-14;Belém;PA;5;18.90
V0548;C043;P03;18/05/2025;Santarém;PA;2;25.00
V0549;C058;P06;2025-10-17;Manaus;AM;6;R$ 25,00
V0550; c048 ;P05;2025-11-22;Manaus;am;3;18.90
V0551;C999;P01;2025-10-04;Manaus;AM;12;12.50
V0552;C006;P06;31/02/2025;Santana;AP;4;R$ 32,40
V0553;C001;P06;2025-08-15;Manaus;AM;4;18.90
V0554;C056;P04;2025-07-06;Santarém;PA;9;18.90
V0555; c034 ;P99;2025-06-11;Macapá;ap;1;R$ 32,40
V0556;C052;P06;28/02/2025;Belém;PA;9;65.00
V0557;C026;P01;2025-12-05;Santana;AP;3;32.40
V0558;C052;P05;2025-05-03;Belém;PA;12;
V0559;C021;P06;2025-06-25;Santana;AP;4;32.40
V0560; c048 ;P04;19/01/2025;Santarém;pa;-2;65.00
V0561;C037;P01;2025-09-14;Macapá;AP;9;R$ 12,50
V0562;C030;P02;2025-03-22;Santarém;PA;3;32.40
V0563;C021;P02;2025-05-21;Santarém;PA;8;25.00
V0564;C041;P05;26/04/2025;Belém;PA;1;R$ 32,40
V0565; c003 ;P03;2025-04-16;Belém;pa;12;12.50
V0566;C026;P01;2025-09-08;Macapá;AP;5;18.90
V0567;C007;P03;2025-03-28;Santana;AP;3;R$ 25,00
V0568;C022;P04;22/07/2025;Macapá;AP;7;65.00
V0569;C052;P02;2025-07-03;Santarém;PA;7;65.00
V0570; c044 ;P06;2025-07-06;Macapá;ap;2;R$ 45,50
V0571;C023;P05;2025-09-18;Manaus;AM;10;65.00
V0572;C053;P02;23/09/2025;Santana;AP;10;18.90
V0573;C031;P01;2025-01-15;Manaus;AM;10;R$ 32,40
V0574;C029;P03;2025-04-25;Macapá;AP;8;12.50
V0575; c008 ;P04;31/02/2025;Macapá;ap;10;12.50
V0576;C020;P03;05/09/2025;Santarém;PA;8;R$ 32,40
V0577;C016;P04;2025-08-20;Manaus;AM;7;45.50
V0578;C050;P01;2025-10-25;Manaus;AM;8;65.00
V0579;C046;P01;2025-12-29;Santarém;PA;4;R$ 32,40
V0580; c025 ;P03;06/03/2025;Belém;pa;-2;18.90
V0581;C025;P01;2025-08-03;Manaus;AM;3;65.00
V0582;C016;P04;2025-12-11;Santarém;PA;6;R$ 45,50
V0583;C007;P03;2025-08-24;Belém;PA;5;25.00
V0584;C013;P02;01/09/2025;Santarém;PA;11;65.00
V0585; c049 ;P06;2025-08-23;Santana;ap;4;R$ 25,00
V0586;C044;P02;2025-12-09;Santarém;PA;1;32.40
V0587;C007;P05;2025-05-12;Belém;PA;2;32.40
V0588;C014;P01;17/09/2025;Macapá;AP;8;R$ 18,90
V0589;C021;P03;2025-04-05;Manaus;AM;1;
V0590; c024 ;P02;2025-10-22;Belém;pa;3;12.50
V0591;C033;P04;2025-08-01;Macapá;AP;1;R$ 65,00
V0592;C049;P99;15/09/2025;Santarém;PA;5;65.00
V0593;C006;P04;2025-11-27;Santana;AP;4;65.00
V0594;C006;P02;2025-09-03;Santarém;PA;8;R$ 25,00
V0595; c041 ;P03;2025-07-11;Santana;ap;12;25.00
V0596;C029;P03;16/06/2025;Santarém;PA;8;12.50
V0597;C004;P01;2025-08-01;Santana;AP;3;R$ 12,50
V0598;C025;P04;31/02/2025;Macapá;AP;3;18.90
V0599;C014;P04;2025-11-02;Santarém;PA;8;32.40
V0600; c040 ;P04;20/07/2025;Santarém;pa;-2;R$ 32,40
V0601;C031;P02;2025-10-31;Santarém;PA;2;65.00
V0602;C037;P01;2025-05-20;Santarém;PA;10;45.50
V0603;C060;P01;2025-12-11;Manaus;AM;10;R$ 25,00
V0604;C060;P04;18/04/2025;Manaus;AM;10;65.00
V0605; c025 ;P02;2025-05-29;Santarém;pa;3;45.50
V0606;C042;P05;2025-07-03;Belém;PA;1;R$ 65,00
V0607;C008;P05;2025-05-10;Macapá;AP;5;32.40
V0608;C052;P05;16/01/2025;Manaus;AM;3;32.40
V0609;C999;P01;2025-11-06;Santarém;PA;5;R$ 25,00
V0610; c057 ;P03;2025-11-02;Santana;ap;5;32.40
V0611;C011;P01;2025-03-18;Macapá;AP;10;25.00
V0612;C028;P02;24/01/2025;Santarém;PA;9;R$ 32,40
V0613;C023;P01;2025-06-10;Santarém;PA;12;18.90
V0614;C031;P01;2025-01-24;Manaus;AM;9;25.00
V0615; c047 ;P02;2025-07-29;Santarém;pa;8;R$ 12,50
V0616;C049;P05;23/01/2025;Belém;PA;11;25.00
V0617;C054;P05;2025-09-07;Manaus;AM;2;65.00
V0618;C009;P04;2025-03-28;Santarém;PA;12;R$ 65,00
V0619;C012;P01;2025-05-28;Santana;AP;11;45.50
V0620; c029 ;P05;27/11/2025;Santarém;pa;-2;12.50
V0621;C048;P03;31/02/2025;Santarém;PA;10;R$ 25,00
V0622;C048;P06;2025-10-08;Santana;AP;5;65.00
V0623;C011;P06;2025-03-07;Belém;PA;6;18.90
V0624;C015;P03;18/11/2025;Macapá;AP;2;R$ 25,00
V0625; c053 ;P01;2025-08-13;Manaus;am;5;32.40
V0626;C036;P01;2025-05-27;Santana;AP;8;18.90
V0627;C058;P05;2025-02-12;Santana;AP;4;R$ 32,40
V0628;C025;P05;16/11/2025;Manaus;AM;2;25.00
V0629;C059;P99;2025-04-01;Santarém;PA;5;12.50
V0630; c016 ;P03;2025-02-27;Manaus;am;3;R$ 12,50
V0631;C029;P03;2025-09-02;Belém;PA;4;45.50
V0632;C003;P02;17/01/2025;Macapá;AP;12;25.00
V0633;C053;P06;2025-09-09;Manaus;AM;8;R$ 65,00
V0634;C033;P05;2025-08-20;Belém;PA;8;25.00
V0635; c045 ;P01;2025-02-12;Manaus;am;1;12.50
V0636;C009;P02;21/02/2025;Manaus;AM;3;R$ 12,50
V0637;C014;P01;2025-11-10;Macapá;AP;7;65.00
V0638;C999;P04;2025-05-18;Belém;PA;2;32.40
V0639;C050;P04;2025-05-01;Santana;AP;3;R$ 32,40
V0640; c054 ;P06;30/12/2025;Manaus;am;-2;32.40
V0641;C023;P02;2025-12-19;Macapá;AP;4;25.00
V0642;C034;P05;2025-07-25;Macapá;AP;2;R$ 12,50
V0643;C013;P04;2025-06-09;Belém;PA;7;18.90
V0644;C058;P02;31/02/2025;Macapá;AP;2;12.50
V0645; c045 ;P04;2025-11-17;Santana;ap;7;R$ 12,50
V0646;C054;P01;2025-02-28;Santarém;PA;11;18.90
V0647;C041;P02;2025-06-21;Belém;PA;12;45.50
V0648;C022;P01;08/10/2025;Santana;AP;8;R$ 18,90
V0649;C027;P03;2025-02-15;Macapá;AP;8;25.00
V0650; c058 ;P04;2025-02-02;Santarém;pa;6;18.90
V0651;C006;P02;2025-05-09;Santana;AP;11;
V0652;C018;P06;21/02/2025;Manaus;AM;12;12.50
V0653;C003;P02;2025-12-04;Santarém;PA;3;18.90
V0654;C049;P05;2025-11-26;Belém;PA;4;R$ 45,50
V0655; c025 ;P06;2025-09-01;Santana;ap;4;12.50
V0656;C035;P03;24/10/2025;Santana;AP;2;18.90
V0657;C037;P03;2025-01-25;Macapá;AP;12;R$ 18,90
V0658;C020;P02;2025-04-05;Manaus;AM;2;25.00
V0659;C051;P02;2025-05-07;Belém;PA;6;12.50
V0660; c007 ;P01;30/08/2025;Santarém;pa;-2;R$ 18,90
V0661;C048;P05;2025-06-20;Santana;AP;10;32.40
V0662;C040;P06;2025-07-23;Manaus;AM;6;12.50
V0663;C055;P03;2025-01-28;Santana;AP;6;R$ 45,50
V0664;C007;P01;02/03/2025;Santana;AP;2;65.00
V0665; c045 ;P02;2025-09-18;Santarém;pa;9;32.40
V0666;C007;P99;2025-05-15;Belém;PA;6;R$ 12,50
V0667;C007;P04;31/02/2025;Santarém;PA;2;18.90
V0668;C007;P06;05/04/2025;Macapá;AP;2;65.00
V0669;C019;P03;2025-10-09;Santarém;PA;6;R$ 25,00
V0670; c057 ;P03;2025-11-17;Manaus;am;11;65.00
V0671;C032;P01;2025-11-16;Macapá;AP;9;25.00
V0672;C040;P05;21/05/2025;Santana;AP;4;R$ 12,50
V0673;C041;P05;2025-06-04;Manaus;AM;5;18.90
V0674;C059;P01;2025-02-02;Manaus;AM;10;65.00
V0675; c005 ;P03;2025-09-08;Macapá;ap;8;R$ 12,50
V0676;C052;P05;15/05/2025;Manaus;AM;11;45.50
V0677;C055;P01;2025-01-18;Santana;AP;5;25.00
V0678;C002;P03;2025-02-02;Manaus;AM;11;R$ 45,50
V0679;C003;P01;2025-06-23;Santana;AP;10;65.00
V0680; c021 ;P02;27/10/2025;Macapá;ap;-2;32.40
V0681;C019;P04;2025-05-07;Macapá;AP;9;R$ 65,00
V0682;C059;P02;2025-03-21;Belém;PA;5;
V0683;C019;P01;2025-08-24;Macapá;AP;6;32.40
V0684;C031;P04;03/06/2025;Santana;AP;1;R$ 45,50
V0685; c025 ;P03;2025-04-29;Belém;pa;7;18.90
V0686;C004;P01;2025-12-15;Santana;AP;2;65.00
V0687;C055;P04;2025-01-11;Macapá;AP;6;R$ 45,50
V0688;C001;P06;23/01/2025;Santana;AP;1;32.40
V0689;C014;P04;2025-06-26;Macapá;AP;10;65.00
V0690; c029 ;P02;31/02/2025;Macapá;ap;8;R$ 12,50
V0691;C009;P03;2025-08-28;Macapá;AP;12;18.90
V0692;C019;P05;26/10/2025;Belém;PA;1;45.50
V0693;C037;P06;2025-07-11;Belém;PA;4;R$ 18,90
V0694;C013;P05;2025-04-07;Macapá;AP;1;12.50
V0695; c047 ;P02;2025-12-20;Macapá;ap;7;65.00
V0696;C999;P05;18/05/2025;Belém;PA;2;R$ 12,50
V0697;C022;P06;2025-08-05;Manaus;AM;4;45.50
V0698;C055;P04;2025-01-19;Santarém;PA;2;32.40
V0699;C039;P06;2025-04-01;Santana;AP;7;R$ 25,00
V0700; c043 ;P06;23/12/2025;Belém;pa;-2;32.40
V0701;C024;P06;2025-10-21;Santarém;PA;2;45.50
V0702;C028;P03;2025-10-17;Santarém;PA;4;R$ 25,00
V0703;C003;P99;2025-02-26;Santana;AP;8;65.00
V0704;C053;P04;26/12/2025;Santana;AP;6;25.00
V0705; c039 ;P01;2025-12-16;Belém;pa;1;R$ 12,50
V0706;C060;P02;2025-05-07;Manaus;AM;5;12.50
V0707;C015;P03;2025-05-20;Belém;PA;3;45.50
V0708;C003;P04;17/08/2025;Manaus;AM;8;R$ 25,00
V0709;C018;P03;2025-04-11;Santarém;PA;1;45.50
V0710; c048 ;P02;2025-03-04;Belém;pa;9;25.00
V0711;C026;P03;2025-06-24;Macapá;AP;12;R$ 45,50
V0712;C047;P03;19/01/2025;Macapá;AP;12;18.90
V0713;C007;P02;31/02/2025;Macapá;AP;3;25.00
V0714;C034;P06;2025-11-28;Manaus;AM;6;R$ 12,50
V0715; c040 ;P01;2025-11-18;Santarém;pa;4;65.00
V0716;C054;P03;02/05/2025;Santarém;PA;5;25.00
V0717;C027;P05;2025-03-19;Santarém;PA;6;R$ 65,00
V0718;C014;P01;2025-03-07;Santarém;PA;6;12.50
V0719;C049;P01;2025-08-08;Macapá;AP;7;65.00
V0720; c001 ;P03;13/07/2025;Santarém;pa;-2;R$ 25,00
V0001;C033;P06;2025-06-13;Macapá;AP;2;45.50
V0002;C036;P04;2025-11-04;Santana;AP;10;45.50
V0003;C029;P02;2025-09-09;Manaus;AM;1;R$ 45,50
V0004;C019;P01;11/02/2025;Manaus;AM;8;12.50
V0005; c044 ;P03;2025-12-17;Macapá;ap;4;32.40
V0006;C060;P03;2025-05-09;Santarém;PA;7;R$ 25,00
V0007;C047;P03;2025-11-23;Manaus;AM;2;12.50
V0008;C019;P04;03/10/2025;Manaus;AM;3;25.00
V0009;C055;P06;2025-06-08;Manaus;AM;6;R$ 12,50
V0010; c006 ;P04;2025-08-25;Belém;pa;10;32.40
V0011;C028;P05;2025-09-13;Manaus;AM;10;12.50
V0012;C017;P04;23/07/2025;Santarém;PA;10;R$ 45,50
V0013;C052;P01;2025-09-20;Santarém;PA;10;45.50
V0014;C046;P05;2025-03-08;Santana;AP;11;12.50
V0015; c031 ;P02;2025-11-15;Macapá;ap;8;R$ 32,40
V0016;C045;P04;04/03/2025;Santana;AP;11;65.00
V0017;C036;P04;2025-10-07;Santarém;PA;11;25.00
V0018;C033;P06;2025-10-08;Belém;PA;8;R$ 65,00
V0019;C019;P03;2025-08-10;Santarém;PA;1;18.90
V0020; c057 ;P05;18/03/2025;Macapá;ap;-2;65.00
