feature,pearson,spearman,n
mes,0.011206293598075805,0.01193887644963284,476
dia_semana,0.032821877388076924,0.03511719043929273,476
dia_mes,0.09185688920133145,0.09459651169101849,476
dia_ano,0.021321208243573562,0.022717813195649916,476
trimestre,0.010703404816575578,0.003758364499482519,476
fim_semana,-0.004280887389203236,-0.003896053823103863,476
mes_sin,-0.034386034736450896,-0.03549523118525202,476
mes_cos,0.06606809023039172,0.045708651525030654,476
semana_sin,0.049321814127680434,0.04807891596516798,476
semana_cos,-0.06153479245102276,-0.061929245939734506,476
preco_unitario,-0.011491026123688209,-0.02043399218710563,476
cliente_vendas_previas,0.033913510456310324,0.025991819125548807,476
cliente_media_qtd_previa,0.04757760605788852,0.04244602145721421,476
cliente_dias_desde_ultima,-0.02195032826365665,-0.017615078468868853,476
produto_vendas_previas,0.011316000059866336,0.01189932654141642,476
produto_media_qtd_previa,-0.010687403260037283,-0.033726452847715,476
municipio_vendas_previas,0.017076718722521117,0.015740774109465876,476
global_media_qtd_previa,-0.002790027207413157,-0.06244858302304695,476
produto_id_P01,0.014489819891151789,0.013128303100646267,476
produto_id_P02,0.012894016970867674,0.0133311538564062,476
produto_id_P03,0.03531447881043024,0.037629892469297384,476
produto_id_P04,0.026945321782416706,0.02655158119377669,476
produto_id_P05,-0.08482443253289003,-0.08458653648534811,476
produto_id_P06,-0.0037176746321427416,-0.004912559209237833,476
categoria_atacado,0.03531447881043024,0.037629892469297384,476
categoria_complementos,-0.08482443253289003,-0.08458653648534811,476
categoria_congelados,0.04052256296815214,0.03946778070969979,476
categoria_pronto para consumo,-0.0037176746321427416,-0.004912559209237833,476
segmento_atacado,-0.09149955057047368,-0.09149634832132113,476
segmento_restaurante,0.01781415467908417,0.01725722434160098,476
segmento_varejo,0.07626785621688516,0.07682533485554509,476
municipio_Belém,-0.10622603707953841,-0.10652683692059255,476
municipio_Macapá,0.0362413982634593,0.038413526129441225,476
municipio_Manaus,-0.017742146993103464,-0.017759689526138232,476
municipio_Santana,0.04251956485271294,0.04120362103821403,476
municipio_Santarém,0.04889522609722931,0.048190756994489055,476
uf_AM,-0.017742146993103464,-0.017759689526138232,476
uf_AP,0.06338708639195777,0.06423665760147769,476
uf_PA,-0.04843853261128548,-0.0492640758193087,476
regiao_imediata_Belém,-0.10622603707953841,-0.10652683692059255,476
regiao_imediata_Macapá,0.06338708639195777,0.06423665760147769,476
regiao_imediata_Manaus,-0.017742146993103464,-0.017759689526138232,476
regiao_imediata_Santarém,0.04889522609722931,0.048190756994489055,476
