mes,dia_semana,dia_mes,dia_ano,trimestre,fim_semana,mes_sin,mes_cos,semana_sin,semana_cos,preco_unitario,cliente_vendas_previas,cliente_media_qtd_previa,cliente_dias_desde_ultima,produto_vendas_previas,produto_media_qtd_previa,municipio_vendas_previas,global_media_qtd_previa,produto_id,categoria,segmento,municipio,uf,regiao_imediata
1,2,1,1,1,0,0.49999999999999994,0.8660254037844387,0.9749279121818236,-0.22252093395631434,12.5,0,5.0,365,0,5.0,0,5.0,P02,congelados,restaurante,Macapá,AP,Macapá
1,3,2,2,1,0,0.49999999999999994,0.8660254037844387,0.43388373911755823,-0.900968867902419,18.9,1,4.083333333333333,1,0,4.5,0,4.5,P01,congelados,restaurante,Belém,PA,Belém
1,3,2,2,1,0,0.49999999999999994,0.8660254037844387,0.43388373911755823,-0.900968867902419,12.5,0,4.5,365,0,4.5,0,4.5,P03,atacado,restaurante,Belém,PA,Belém
1,4,3,3,1,0,0.49999999999999994,0.8660254037844387,-0.433883739117558,-0.9009688679024191,25.0,0,4.375,365,0,4.375,0,4.375,P05,complementos,restaurante,Santarém,PA,Santarém
1,4,3,3,1,0,0.49999999999999994,0.8660254037844387,-0.433883739117558,-0.9009688679024191,18.9,0,4.375,365,1,3.9791666666666665,0,4.375,P01,congelados,atacado,Santarém,PA,Santarém
1,4,3,3,1,0,0.49999999999999994,0.8660254037844387,-0.433883739117558,-0.9009688679024191,45.5,0,4.375,365,1,4.645833333333333,0,4.375,P03,atacado,atacado,Santana,AP,Macapá
1,5,4,4,1,1,0.49999999999999994,0.8660254037844387,-0.9749279121818236,-0.2225209339563146,25.0,0,5.0,365,0,5.0,1,5.0,P06,pronto para consumo,atacado,Santana,AP,Macapá
1,5,4,4,1,1,0.49999999999999994,0.8660254037844387,-0.9749279121818236,-0.2225209339563146,25.0,0,5.0,365,0,5.0,1,5.0,P04,congelados,restaurante,Macapá,AP,Macapá
1,0,6,6,1,0,0.49999999999999994,0.8660254037844387,0.0,1.0,18.9,0,4.615384615384615,365,1,5.846153846153846,2,4.615384615384615,P05,complementos,varejo,Santana,AP,Macapá
1,0,6,6,1,0,0.49999999999999994,0.8660254037844387,0.0,1.0,45.5,0,4.615384615384615,365,1,5.846153846153846,2,4.615384615384615,P05,complementos,atacado,Macapá,AP,Macapá
1,1,7,7,1,0,0.49999999999999994,0.8660254037844387,0.7818314824680298,0.6234898018587336,32.4,1,4.5,4,1,4.666666666666667,3,4.8,P04,congelados,atacado,Santana,AP,Macapá
1,1,7,7,1,0,0.49999999999999994,0.8660254037844387,0.7818314824680298,0.6234898018587336,32.4,0,4.8,365,2,4.428571428571429,3,4.8,P01,congelados,restaurante,Santana,AP,Macapá
1,2,8,8,1,0,0.49999999999999994,0.8660254037844387,0.9749279121818236,-0.22252093395631434,12.5,0,5.294117647058823,365,2,5.352941176470588,2,5.294117647058823,P04,congelados,atacado,Santarém,PA,Santarém
1,4,10,10,1,0,0.49999999999999994,0.8660254037844387,-0.433883739117558,-0.9009688679024191,45.5,2,4.5396825396825395,8,1,4.796296296296297,3,5.555555555555555,P06,pronto para consumo,restaurante,Macapá,AP,Macapá
1,5,11,11,1,1,0.49999999999999994,0.8660254037844387,-0.9749279121818236,-0.2225209339563146,18.9,0,5.7894736842105265,365,1,5.157894736842105,4,5.7894736842105265,P02,congelados,varejo,Macapá,AP,Macapá
1,5,11,11,1,1,0.49999999999999994,0.8660254037844387,-0.9749279121818236,-0.2225209339563146,45.5,0,5.7894736842105265,365,3,6.243421052631579,4,5.7894736842105265,P04,congelados,atacado,Macapá,AP,Macapá
1,6,12,12,1,1,0.49999999999999994,0.8660254037844387,-0.7818314824680299,0.6234898018587334,12.5,0,5.9523809523809526,365,3,6.720238095238095,5,5.9523809523809526,P05,complementos,varejo,Santana,AP,Macapá
1,6,12,12,1,1,0.49999999999999994,0.8660254037844387,-0.7818314824680299,0.6234898018587334,65.0,0,5.9523809523809526,365,4,6.306878306878307,3,5.9523809523809526,P04,congelados,restaurante,Santarém,PA,Santarém
1,1,14,14,1,0,0.49999999999999994,0.8660254037844387,0.7818314824680298,0.6234898018587336,12.5,0,6.043478260869565,365,5,6.321739130434783,2,6.043478260869565,P04,congelados,varejo,Belém,PA,Belém
1,1,14,14,1,0,0.49999999999999994,0.8660254037844387,0.7818314824680298,0.6234898018587336,65.0,0,6.043478260869565,365,2,5.888198757763975,6,6.043478260869565,P02,congelados,atacado,Santana,AP,Macapá
1,2,15,15,1,0,0.49999999999999994,0.8660254037844387,0.9749279121818236,-0.22252093395631434,12.5,0,6.08,365,3,6.05,3,6.08,P02,congelados,atacado,Belém,PA,Belém
1,2,15,15,1,0,0.49999999999999994,0.8660254037844387,0.9749279121818236,-0.22252093395631434,32.4,0,6.08,365,2,5.628571428571428,6,6.08,P03,atacado,restaurante,Macapá,AP,Macapá
1,2,15,15,1,0,0.49999999999999994,0.8660254037844387,0.9749279121818236,-0.22252093395631434,32.4,0,6.08,365,3,6.05,0,6.08,P01,congelados,atacado,Manaus,AM,Manaus
1,3,16,16,1,0,0.49999999999999994,0.8660254037844387,0.43388373911755823,-0.900968867902419,25.0,1,6.101190476190475,13,4,6.623015873015873,7,6.321428571428571,P01,congelados,atacado,Macapá,AP,Macapá
1,3,16,16,1,0,0.49999999999999994,0.8660254037844387,0.43388373911755823,-0.900968867902419,18.9,1,6.434523809523809,10,4,7.067460317460317,7,6.321428571428571,P05,complementos,atacado,Macapá,AP,Macapá
1,3,16,16,1,0,0.49999999999999994,0.8660254037844387,0.43388373911755823,-0.900968867902419,32.4,0,6.321428571428571,365,4,7.067460317460317,1,6.321428571428571,P05,complementos,atacado,Manaus,AM,Manaus
1,4,17,17,1,0,0.49999999999999994,0.8660254037844387,-0.433883739117558,-0.9009688679024191,25.0,2,5.8986175115207375,10,5,7.0290322580645155,4,6.258064516129032,P01,congelados,atacado,Belém,PA,Belém
1,4,17,17,1,0,0.49999999999999994,0.8660254037844387,-0.433883739117558,-0.9009688679024191,25.0,0,6.258064516129032,365,4,5.810035842293907,9,6.258064516129032,P02,congelados,varejo,Macapá,AP,Macapá
1,5,18,18,1,1,0.49999999999999994,0.8660254037844387,-0.9749279121818236,-0.2225209339563146,25.0,1,6.404040404040404,7,6,7.220385674931129,7,6.484848484848484,P01,congelados,atacado,Santana,AP,Macapá
1,6,19,19,1,1,0.49999999999999994,0.8660254037844387,-0.7818314824680299,0.6234898018587334,65.0,0,6.441176470588235,365,5,6.520588235294118,5,6.4411764705882355,P02,congelados,restaurante,Belém,PA,Belém
1,6,19,19,1,1,0.49999999999999994,0.8660254037844387,-0.7818314824680299,0.6234898018587334,18.9,0,6.441176470588235,365,6,6.38235294117647,4,6.4411764705882355,P05,complementos,restaurante,Santarém,PA,Santarém
1,6,19,19,1,1,0.49999999999999994,0.8660254037844387,-0.7818314824680299,0.6234898018587334,32.4,2,6.172268907563025,1,6,6.473262032085561,4,6.4411764705882355,P04,congelados,atacado,Santarém,PA,Santarém
1,6,19,19,1,1,0.49999999999999994,0.8660254037844387,-0.7818314824680299,0.6234898018587334,18.9,0,6.441176470588235,365,3,6.650735294117647,10,6.4411764705882355,P03,atacado,restaurante,Macapá,AP,Macapá
1,0,20,20,1,0,0.49999999999999994,0.8660254037844387,0.0,1.0,32.4,0,6.473684210526317,365,7,6.864035087719299,2,6.473684210526316,P05,complementos,varejo,Manaus,AM,Manaus
1,0,20,20,1,0,0.49999999999999994,0.8660254037844387,0.0,1.0,65.0,0,6.473684210526317,365,7,7.030701754385966,6,6.473684210526316,P01,congelados,varejo,Santarém,PA,Santarém
1,0,20,20,1,0,0.49999999999999994,0.8660254037844387,0.0,1.0,65.0,3,6.296052631578948,3,7,6.114035087719299,11,6.473684210526316,P04,congelados,atacado,Macapá,AP,Macapá
1,1,21,21,1,0,0.49999999999999994,0.8660254037844387,0.7818314824680298,0.6234898018587336,32.4,0,6.365853658536586,365,2,6.118466898954703,3,6.365853658536586,P06,pronto para consumo,atacado,Manaus,AM,Manaus
1,1,21,21,1,0,0.49999999999999994,0.8660254037844387,0.7818314824680298,0.6234898018587336,45.5,0,6.365853658536586,365,8,6.063789868667917,8,6.365853658536586,P04,congelados,restaurante,Santana,AP,Macapá
1,3,23,23,1,0,0.49999999999999994,0.8660254037844387,0.43388373911755823,-0.900968867902419,65.0,0,6.372093023255814,365,6,5.987315010570825,9,6.372093023255814,P02,congelados,varejo,Santana,AP,Macapá
1,3,23,23,1,0,0.49999999999999994,0.8660254037844387,0.43388373911755823,-0.900968867902419,25.0,2,5.980066445182724,7,8,6.604651162790698,6,6.372093023255814,P05,complementos,atacado,Belém,PA,Belém
1,3,23,23,1,0,0.49999999999999994,0.8660254037844387,0.43388373911755823,-0.900968867902419,32.4,1,6.9767441860465125,15,3,6.357558139534884,9,6.372093023255814,P06,pronto para consumo,atacado,Santana,AP,Macapá
1,4,24,24,1,0,0.49999999999999994,0.8660254037844387,-0.433883739117558,-0.9009688679024191,32.4,1,5.528985507246378,20,4,5.797101449275363,7,6.434782608695652,P06,pronto para consumo,atacado,Belém,PA,Belém
1,4,24,24,1,0,0.49999999999999994,0.8660254037844387,-0.433883739117558,-0.9009688679024191,32.4,0,6.434782608695653,365,7,6.347826086956522,7,6.434782608695652,P02,congelados,atacado,Santarém,PA,Santarém
1,4,24,24,1,0,0.49999999999999994,0.8660254037844387,-0.433883739117558,-0.9009688679024191,25.0,1,7.028985507246378,9,8,6.859531772575251,4,6.434782608695652,P01,congelados,atacado,Manaus,AM,Manaus
1,5,25,25,1,1,0.49999999999999994,0.8660254037844387,-0.9749279121818236,-0.2225209339563146,65.0,0,6.530612244897959,365,9,6.975218658892127,5,6.530612244897959,P05,complementos,atacado,Manaus,AM,Manaus
1,5,25,25,1,1,0.49999999999999994,0.8660254037844387,-0.9749279121818236,-0.2225209339563146,25.0,1,6.942176870748299,1,4,7.294784580498866,8,6.530612244897959,P03,atacado,atacado,Santarém,PA,Santarém
1,5,25,25,1,1,0.49999999999999994,0.8660254037844387,-0.9749279121818236,-0.2225209339563146,18.9,1,6.775510204081633,4,9,6.0466472303206995,11,6.530612244897959,P04,congelados,atacado,Santana,AP,Macapá
1,5,25,25,1,1,0.49999999999999994,0.8660254037844387,-0.9749279121818236,-0.2225209339563146,18.9,0,6.530612244897959,365,4,7.294784580498866,12,6.530612244897959,P03,atacado,atacado,Macapá,AP,Macapá
1,6,26,26,1,1,0.49999999999999994,0.8660254037844387,-0.7818314824680299,0.6234898018587334,25.0,2,6.4501347708894885,3,5,6.0150943396226415,13,6.830188679245283,P06,pronto para consumo,atacado,Macapá,AP,Macapá
1,1,28,28,1,0,0.49999999999999994,0.8660254037844387,0.7818314824680298,0.6234898018587336,45.5,3,5.861111111111111,9,6,8.262626262626263,12,6.777777777777778,P03,atacado,atacado,Santana,AP,Macapá
1,3,30,30,1,0,0.49999999999999994,0.8660254037844387,0.43388373911755823,-0.900968867902419,12.5,0,6.763636363636364,365,10,6.987878787878787,14,6.763636363636364,P05,complementos,restaurante,Macapá,AP,Macapá
1,4,31,31,1,0,0.49999999999999994,0.8660254037844387,-0.433883739117558,-0.9009688679024191,32.4,1,7.714285714285714,12,8,6.7142857142857135,8,6.857142857142857,P02,congelados,restaurante,Belém,PA,Belém
2,5,1,32,1,1,0.8660254037844386,0.5000000000000001,-0.9749279121818236,-0.2225209339563146,18.9,1,5.795321637426901,13,6,5.797448165869219,9,6.754385964912281,P06,pronto para consumo,restaurante,Santarém,PA,Santarém
2,6,2,33,1,1,0.8660254037844386,0.5000000000000001,-0.7818314824680299,0.6234898018587334,18.9,0,6.6724137931034475,365,10,6.490804597701149,10,6.672413793103448,P04,congelados,atacado,Santarém,PA,Santarém
2,6,2,33,1,1,0.8660254037844386,0.5000000000000001,-0.7818314824680299,0.6234898018587334,65.0,0,6.6724137931034475,365,9,7.097290640394088,6,6.672413793103448,P01,congelados,restaurante,Manaus,AM,Manaus
2,6,2,33,1,1,0.8660254037844386,0.5000000000000001,-0.7818314824680299,0.6234898018587334,45.5,1,7.393678160919539,26,7,8.030172413793103,6,6.672413793103448,P03,atacado,restaurante,Manaus,AM,Manaus
2,1,4,35,1,0,0.8660254037844386,0.5000000000000001,0.7818314824680298,0.6234898018587336,65.0,1,7.3224043715847,12,9,6.2810304449648715,8,6.786885245901639,P02,congelados,varejo,Manaus,AM,Manaus
2,2,5,36,1,0,0.8660254037844386,0.5000000000000001,0.9749279121818236,-0.22252093395631434,32.4,1,7.618279569892473,11,11,6.481854838709678,15,6.741935483870968,P04,congelados,atacado,Macapá,AP,Macapá
2,2,5,36,1,0,0.8660254037844386,0.5000000000000001,0.9749279121818236,-0.22252093395631434,12.5,2,6.815668202764977,1,10,7.313978494623656,15,6.741935483870968,P01,congelados,varejo,Macapá,AP,Macapá
2,2,5,36,1,0,0.8660254037844386,0.5000000000000001,0.9749279121818236,-0.22252093395631434,12.5,1,7.618279569892473,33,7,5.475806451612904,9,6.741935483870968,P06,pronto para consumo,restaurante,Belém,PA,Belém
2,3,6,37,1,0,0.8660254037844386,0.5000000000000001,0.43388373911755823,-0.900968867902419,32.4,1,6.423076923076923,17,8,8.349112426035504,11,6.907692307692308,P03,atacado,varejo,Santarém,PA,Santarém
2,3,6,37,1,0,0.8660254037844386,0.5000000000000001,0.43388373911755823,-0.900968867902419,45.5,0,6.907692307692308,365,12,6.619909502262444,17,6.907692307692308,P04,congelados,varejo,Macapá,AP,Macapá
2,4,7,38,1,0,0.8660254037844386,0.5000000000000001,-0.433883739117558,-0.9009688679024191,65.0,0,6.820895522388059,365,10,6.140298507462687,12,6.82089552238806,P02,congelados,restaurante,Santarém,PA,Santarém
2,4,7,38,1,0,0.8660254037844386,0.5000000000000001,-0.433883739117558,-0.9009688679024191,45.5,3,6.138059701492537,12,9,8.078891257995735,9,6.82089552238806,P03,atacado,atacado,Manaus,AM,Manaus
2,5,8,39,1,1,0.8660254037844386,0.5000000000000001,-0.9749279121818236,-0.2225209339563146,45.5,1,6.224637681159421,23,13,6.408212560386474,13,6.869565217391305,P04,congelados,atacado,Santarém,PA,Santarém
2,5,8,39,1,1,0.8660254037844386,0.5000000000000001,-0.9749279121818236,-0.2225209339563146,45.5,2,7.906832298136647,14,11,7.646739130434783,10,6.869565217391305,P01,congelados,atacado,Belém,PA,Belém
2,1,11,42,1,0,0.8660254037844386,0.5000000000000001,0.7818314824680298,0.6234898018587336,12.5,1,6.917840375586855,28,12,7.44159072079536,10,6.901408450704225,P01,congelados,atacado,Manaus,AM,Manaus
2,2,12,43,1,0,0.8660254037844386,0.5000000000000001,0.9749279121818236,-0.22252093395631434,32.4,1,6.763888888888889,10,11,7.348958333333334,13,6.916666666666667,P05,complementos,atacado,Santana,AP,Macapá
2,2,12,43,1,0,0.8660254037844386,0.5000000000000001,0.9749279121818236,-0.22252093395631434,12.5,0,6.916666666666667,365,13,7.476851851851852,11,6.916666666666667,P01,congelados,varejo,Manaus,AM,Manaus
2,4,14,45,1,0,0.8660254037844386,0.5000000000000001,-0.433883739117558,-0.9009688679024191,32.4,2,5.283783783783783,13,14,7.104551920341394,14,6.797297297297297,P01,congelados,restaurante,Santarém,PA,Santarém
2,5,15,46,1,1,0.8660254037844386,0.5000000000000001,-0.9749279121818236,-0.2225209339563146,25.0,0,6.786666666666667,365,10,8.328888888888889,18,6.786666666666667,P03,atacado,varejo,Macapá,AP,Macapá
2,6,16,47,1,1,0.8660254037844386,0.5000000000000001,-0.7818314824680299,0.6234898018587334,18.9,0,6.802631578947368,365,15,7.050657894736842,11,6.802631578947368,P01,congelados,varejo,Belém,PA,Belém
2,6,16,47,1,1,0.8660254037844386,0.5000000000000001,-0.7818314824680299,0.6234898018587334,18.9,0,6.802631578947368,365,11,6.063322368421053,15,6.802631578947368,P02,congelados,varejo,Santarém,PA,Santarém
2,1,18,49,1,0,0.8660254037844386,0.5000000000000001,0.7818314824680298,0.6234898018587336,65.0,1,6.506410256410256,28,14,6.686234817813766,12,6.8076923076923075,P04,congelados,restaurante,Belém,PA,Belém
2,1,18,49,1,0,0.8660254037844386,0.5000000000000001,0.7818314824680298,0.6234898018587336,25.0,3,5.3798076923076925,4,12,7.119909502262444,12,6.8076923076923075,P05,complementos,restaurante,Belém,PA,Belém
2,3,20,51,1,0,0.8660254037844386,0.5000000000000001,0.43388373911755823,-0.900968867902419,32.4,1,5.885416666666667,8,8,5.947115384615385,16,6.8625,P06,pronto para consumo,varejo,Santarém,PA,Santarém
2,4,21,52,1,0,0.8660254037844386,0.5000000000000001,-0.433883739117558,-0.9009688679024191,12.5,1,7.2407407407407405,41,12,6.261437908496732,12,6.888888888888889,P02,congelados,varejo,Manaus,AM,Manaus
2,4,21,52,1,0,0.8660254037844386,0.5000000000000001,-0.433883739117558,-0.9009688679024191,12.5,1,7.0740740740740735,40,9,6.174603174603175,12,6.888888888888889,P06,pronto para consumo,varejo,Manaus,AM,Manaus
2,0,24,55,1,0,0.8660254037844386,0.5000000000000001,0.0,1.0,65.0,1,6.753012048192772,53,15,6.925903614457832,17,6.903614457831325,P04,congelados,restaurante,Santarém,PA,Santarém
2,3,27,58,1,0,0.8660254037844386,0.5000000000000001,0.43388373911755823,-0.900968867902419,12.5,1,6.234126984126984,43,11,8.337797619047619,14,6.880952380952381,P03,atacado,atacado,Manaus,AM,Manaus
2,4,28,59,1,0,0.8660254037844386,0.5000000000000001,-0.433883739117558,-0.9009688679024191,45.5,0,6.835294117647058,365,12,8.01038062283737,19,6.8352941176470585,P03,atacado,atacado,Macapá,AP,Macapá
2,4,28,59,1,0,0.8660254037844386,0.5000000000000001,-0.433883739117558,-0.9009688679024191,65.0,2,7.0252100840336125,20,10,6.545098039215686,14,6.8352941176470585,P06,pronto para consumo,atacado,Belém,PA,Belém
2,4,28,59,1,0,0.8660254037844386,0.5000000000000001,-0.433883739117558,-0.9009688679024191,18.9,0,6.835294117647058,365,16,6.96078431372549,18,6.8352941176470585,P01,congelados,varejo,Santarém,PA,Santarém
3,5,1,60,1,1,1.0,6.123233995736766e-17,-0.9749279121818236,-0.2225209339563146,12.5,1,7.804924242424242,30,11,6.739346590909091,14,6.965909090909091,P06,pronto para consumo,restaurante,Santana,AP,Macapá
3,5,1,60,1,1,1.0,6.123233995736766e-17,-0.9749279121818236,-0.2225209339563146,32.4,0,6.965909090909091,365,11,6.739346590909091,15,6.965909090909091,P06,pronto para consumo,varejo,Manaus,AM,Manaus
3,5,1,60,1,1,1.0,6.123233995736766e-17,-0.9749279121818236,-0.2225209339563146,18.9,1,6.804924242424242,48,17,7.174070247933884,20,6.965909090909091,P01,congelados,restaurante,Macapá,AP,Macapá
3,6,2,61,1,1,1.0,6.123233995736766e-17,-0.7818314824680299,0.6234898018587334,12.5,2,7.82574568288854,9,13,7.154456654456656,15,6.956043956043956,P05,complementos,varejo,Belém,PA,Belém
3,6,2,61,1,1,1.0,6.123233995736766e-17,-0.7818314824680299,0.6234898018587334,65.0,0,6.956043956043956,365,18,7.207835642618252,15,6.956043956043956,P01,congelados,atacado,Santana,AP,Macapá
3,0,3,62,1,0,1.0,6.123233995736766e-17,0.0,1.0,45.5,4,6.477897252090801,42,13,6.072281959378734,19,6.860215053763441,P02,congelados,atacado,Santarém,PA,Santarém
3,0,3,62,1,0,1.0,6.123233995736766e-17,0.0,1.0,65.0,1,7.383512544802868,29,13,6.627837514934289,19,6.860215053763441,P06,pronto para consumo,restaurante,Santarém,PA,Santarém
3,0,3,62,1,0,1.0,6.123233995736766e-17,0.0,1.0,65.0,0,6.860215053763442,365,14,6.910582908885116,16,6.860215053763441,P05,complementos,atacado,Belém,PA,Belém
3,0,3,62,1,0,1.0,6.123233995736766e-17,0.0,1.0,12.5,2,6.757296466973886,31,13,6.627837514934289,16,6.860215053763441,P06,pronto para consumo,restaurante,Belém,PA,Belém
3,1,4,63,1,0,1.0,6.123233995736766e-17,0.7818314824680298,0.6234898018587336,65.0,2,6.244477172312224,12,16,6.795778105056456,16,6.742268041237113,P04,congelados,varejo,Santana,AP,Macapá
3,1,4,63,1,0,1.0,6.123233995736766e-17,0.7818314824680298,0.6234898018587336,25.0,0,6.742268041237113,365,14,6.037438958220293,18,6.742268041237113,P02,congelados,varejo,Belém,PA,Belém
3,3,6,65,1,0,1.0,6.123233995736766e-17,0.43388373911755823,-0.900968867902419,18.9,0,6.808080808080808,365,19,6.960016835016835,17,6.808080808080808,P01,congelados,restaurante,Santana,AP,Macapá
3,3,6,65,1,0,1.0,6.123233995736766e-17,0.43388373911755823,-0.900968867902419,32.4,0,6.808080808080808,365,15,6.302020202020202,16,6.808080808080808,P06,pronto para consumo,atacado,Manaus,AM,Manaus
3,4,7,66,1,0,1.0,6.123233995736766e-17,-0.433883739117558,-0.9009688679024191,32.4,2,7.1867043847241865,50,13,8.23927392739274,21,6.861386138613861,P03,atacado,atacado,Macapá,AP,Macapá
3,4,7,66,1,0,1.0,6.123233995736766e-17,-0.433883739117558,-0.9009688679024191,65.0,0,6.861386138613861,365,15,6.715346534653466,19,6.861386138613861,P05,complementos,atacado,Belém,PA,Belém
3,4,7,66,1,0,1.0,6.123233995736766e-17,-0.433883739117558,-0.9009688679024191,18.9,1,6.384488448844884,62,16,6.395568128241396,19,6.861386138613861,P06,pronto para consumo,restaurante,Belém,PA,Belém
3,4,7,66,1,0,1.0,6.123233995736766e-17,-0.433883739117558,-0.9009688679024191,12.5,3,6.038366336633663,56,20,7.132277227722772,21,6.861386138613861,P01,congelados,restaurante,Santarém,PA,Santarém
3,5,8,67,1,1,1.0,6.123233995736766e-17,-0.9749279121818236,-0.2225209339563146,12.5,1,7.698412698412699,8,16,6.43764172335601,18,6.838095238095238,P05,complementos,atacado,Santana,AP,Macapá
3,5,8,67,1,1,1.0,6.123233995736766e-17,-0.9749279121818236,-0.2225209339563146,18.9,1,6.531746031746032,47,15,6.20952380952381,22,6.838095238095238,P02,congelados,varejo,Macapá,AP,Macapá
3,6,9,68,1,1,1.0,6.123233995736766e-17,-0.7818314824680299,0.6234898018587334,65.0,2,7.803738317757009,32,21,7.101006470165349,19,6.925233644859813,P01,congelados,atacado,Santana,AP,Macapá
3,0,10,69,1,0,1.0,6.123233995736766e-17,0.0,1.0,32.4,3,7.851851851851852,3,17,6.4006734006734005,21,6.962962962962963,P06,pronto para consumo,atacado,Belém,PA,Belém
3,0,10,69,1,0,1.0,6.123233995736766e-17,0.0,1.0,12.5,2,8.116402116402117,36,14,8.463937621832358,17,6.962962962962963,P03,atacado,restaurante,Manaus,AM,Manaus
3,0,10,69,1,0,1.0,6.123233995736766e-17,0.0,1.0,12.5,1,6.135802469135803,8,17,7.037037037037037,21,6.962962962962963,P04,congelados,atacado,Belém,PA,Belém
3,1,11,70,1,0,1.0,6.123233995736766e-17,0.7818314824680298,0.6234898018587336,45.5,0,6.954954954954955,365,15,8.38873873873874,22,6.954954954954955,P03,atacado,restaurante,Santarém,PA,Santarém
3,1,11,70,1,0,1.0,6.123233995736766e-17,0.7818314824680298,0.6234898018587336,45.5,2,7.110682110682111,28,17,6.671580671580672,18,6.954954954954955,P05,complementos,atacado,Manaus,AM,Manaus
3,2,12,71,1,0,1.0,6.123233995736766e-17,0.9749279121818236,-0.22252093395631434,12.5,0,6.893805309734513,365,16,6.498525073746312,23,6.893805309734513,P02,congelados,varejo,Santarém,PA,Santarém
3,2,12,71,1,0,1.0,6.123233995736766e-17,0.9749279121818236,-0.22252093395631434,25.0,1,6.578171091445427,33,18,6.803001154290111,23,6.893805309734513,P04,congelados,restaurante,Macapá,AP,Macapá
3,3,13,72,1,0,1.0,6.123233995736766e-17,0.43388373911755823,-0.900968867902419,12.5,2,8.248447204968944,36,19,6.989130434782609,24,6.947826086956522,P04,congelados,restaurante,Macapá,AP,Macapá
3,4,14,73,1,0,1.0,6.123233995736766e-17,-0.433883739117558,-0.9009688679024191,65.0,1,7.087643678160919,8,16,8.263136288998359,25,6.905172413793103,P03,atacado,atacado,Macapá,AP,Macapá
3,6,16,75,1,1,1.0,6.123233995736766e-17,-0.7818314824680299,0.6234898018587334,65.0,1,6.769230769230769,61,22,7.245014245014245,23,6.923076923076923,P01,congelados,varejo,Belém,PA,Belém
3,6,16,75,1,1,1.0,6.123233995736766e-17,-0.7818314824680299,0.6234898018587334,45.5,1,7.602564102564102,16,20,6.7846153846153845,23,6.923076923076923,P04,congelados,varejo,Belém,PA,Belém
3,1,18,77,1,0,1.0,6.123233995736766e-17,0.7818314824680298,0.6234898018587336,45.5,0,6.924369747899161,365,21,6.7546864899806085,26,6.92436974789916,P04,congelados,restaurante,Macapá,AP,Macapá
3,1,18,77,1,0,1.0,6.123233995736766e-17,0.7818314824680298,0.6234898018587336,25.0,2,6.374549819927972,11,23,7.272208883553422,26,6.92436974789916,P01,congelados,restaurante,Macapá,AP,Macapá
3,2,19,78,1,0,1.0,6.123233995736766e-17,0.9749279121818236,-0.22252093395631434,65.0,1,7.132231404958678,32,18,6.425799496945742,24,6.958677685950414,P05,complementos,varejo,Santarém,PA,Santarém
3,3,20,79,1,0,1.0,6.123233995736766e-17,0.43388373911755823,-0.900968867902419,25.0,4,5.972677595628415,51,17,8.307004470938898,25,6.950819672131147,P03,atacado,atacado,Santarém,PA,Santarém
3,4,21,80,1,0,1.0,6.123233995736766e-17,-0.433883739117558,-0.9009688679024191,25.0,0,6.926829268292683,365,22,6.8012646793134595,28,6.926829268292683,P04,congelados,varejo,Macapá,AP,Macapá
3,5,22,81,1,1,1.0,6.123233995736766e-17,-0.9749279121818236,-0.2225209339563146,12.5,2,8.216589861751151,21,17,6.614369501466275,29,6.903225806451613,P02,congelados,restaurante,Macapá,AP,Macapá
3,5,22,81,1,1,1.0,6.123233995736766e-17,-0.9749279121818236,-0.2225209339563146,32.4,0,6.903225806451613,365,17,6.614369501466275,26,6.903225806451613,P02,congelados,varejo,Santarém,PA,Santarém
3,6,23,82,1,1,1.0,6.123233995736766e-17,-0.7818314824680299,0.6234898018587334,12.5,3,6.265873015873016,12,24,7.349206349206349,19,6.825396825396825,P01,congelados,atacado,Manaus,AM,Manaus
3,1,25,84,1,0,1.0,6.123233995736766e-17,0.7818314824680298,0.6234898018587336,45.5,2,7.190101237345332,13,25,7.511023622047245,30,6.866141732283465,P01,congelados,restaurante,Macapá,AP,Macapá
3,1,25,84,1,0,1.0,6.123233995736766e-17,0.7818314824680298,0.6234898018587336,25.0,4,6.925634295713036,2,19,6.3887795275590555,20,6.866141732283465,P05,complementos,atacado,Santana,AP,Macapá
3,1,25,84,1,0,1.0,6.123233995736766e-17,0.7818314824680298,0.6234898018587336,25.0,3,7.416338582677166,12,19,6.3887795275590555,27,6.866141732283465,P05,complementos,restaurante,Santarém,PA,Santarém
3,2,26,85,1,0,1.0,6.123233995736766e-17,0.9749279121818236,-0.22252093395631434,45.5,4,8.106837606837606,16,21,6.267751479289941,21,6.792307692307692,P05,complementos,atacado,Santana,AP,Macapá
3,2,26,85,1,0,1.0,6.123233995736766e-17,0.9749279121818236,-0.22252093395631434,12.5,1,6.326923076923077,5,23,6.677197802197802,25,6.792307692307692,P04,congelados,varejo,Belém,PA,Belém
3,3,27,86,1,0,1.0,6.123233995736766e-17,0.43388373911755823,-0.900968867902419,12.5,4,5.976430976430977,20,18,6.555994729907773,26,6.757575757575758,P06,pronto para consumo,restaurante,Belém,PA,Belém
3,3,27,86,1,0,1.0,6.123233995736766e-17,0.43388373911755823,-0.900968867902419,32.4,1,7.4646464646464645,21,24,6.54440961337513,20,6.757575757575758,P04,congelados,restaurante,Manaus,AM,Manaus
3,3,27,86,1,0,1.0,6.123233995736766e-17,0.43388373911755823,-0.900968867902419,32.4,2,7.255411255411255,11,26,7.2834799608993155,22,6.757575757575758,P01,congelados,varejo,Santana,AP,Macapá
3,4,28,87,1,0,1.0,6.123233995736766e-17,-0.433883739117558,-0.9009688679024191,25.0,2,5.412698412698412,18,18,8.082125603864734,23,6.777777777777778,P03,atacado,atacado,Santana,AP,Macapá
3,4,28,87,1,0,1.0,6.123233995736766e-17,-0.433883739117558,-0.9009688679024191,65.0,2,6.555555555555555,35,25,6.5962962962962965,28,6.777777777777778,P04,congelados,varejo,Santarém,PA,Santarém
3,5,29,88,1,1,1.0,6.123233995736766e-17,-0.9749279121818236,-0.2225209339563146,65.0,5,6.3941605839416065,26,27,7.185675182481752,21,6.788321167883212,P01,congelados,atacado,Manaus,AM,Manaus
3,5,29,88,1,1,1.0,6.123233995736766e-17,-0.9749279121818236,-0.2225209339563146,45.5,0,6.788321167883213,365,19,7.87256690997567,27,6.788321167883212,P03,atacado,varejo,Belém,PA,Belém
3,5,29,88,1,1,1.0,6.123233995736766e-17,-0.9749279121818236,-0.2225209339563146,18.9,1,7.656934306569344,71,22,6.257096512570966,29,6.788321167883212,P05,complementos,varejo,Santarém,PA,Santarém
3,6,30,89,1,1,1.0,6.123233995736766e-17,-0.7818314824680299,0.6234898018587334,12.5,2,7.571428571428571,3,23,6.428571428571429,28,6.8,P05,complementos,restaurante,Belém,PA,Belém
4,1,1,91,2,0,0.8660254037844387,-0.4999999999999998,0.7818314824680298,0.6234898018587336,25.0,6,6.101225016118633,3,26,6.77785403797758,30,6.822695035460993,P04,congelados,atacado,Santarém,PA,Santarém
4,1,1,91,2,0,0.8660254037844387,-0.4999999999999998,0.7818314824680298,0.6234898018587336,32.4,3,7.26418439716312,32,28,7.064044702342574,31,6.822695035460993,P01,congelados,atacado,Macapá,AP,Macapá
4,1,1,91,2,0,0.8660254037844387,-0.4999999999999998,0.7818314824680298,0.6234898018587336,25.0,1,6.5189125295508275,85,19,6.754728132387707,24,6.822695035460993,P06,pronto para consumo,varejo,Santana,AP,Macapá
4,2,2,92,2,0,0.8660254037844387,-0.4999999999999998,0.9749279121818236,-0.22252093395631434,25.0,1,7.159722222222222,29,24,6.55028735632184,22,6.791666666666667,P05,complementos,varejo,Manaus,AM,Manaus
4,2,2,92,2,0,0.8660254037844387,-0.4999999999999998,0.9749279121818236,-0.22252093395631434,32.4,1,6.159722222222222,55,24,6.55028735632184,32,6.791666666666667,P05,complementos,varejo,Macapá,AP,Macapá
4,2,2,92,2,0,0.8660254037844387,-0.4999999999999998,0.9749279121818236,-0.22252093395631434,45.5,2,5.708333333333334,34,29,6.881127450980393,29,6.791666666666667,P01,congelados,atacado,Belém,PA,Belém
4,3,3,93,2,0,0.8660254037844387,-0.4999999999999998,0.43388373911755823,-0.900968867902419,32.4,1,7.595238095238095,78,30,6.730612244897959,31,6.714285714285714,P01,congelados,restaurante,Santarém,PA,Santarém
4,3,3,93,2,0,0.8660254037844387,-0.4999999999999998,0.43388373911755823,-0.900968867902419,32.4,2,6.224489795918367,50,26,6.341013824884792,31,6.714285714285714,P05,complementos,atacado,Santarém,PA,Santarém
4,5,5,95,2,1,0.8660254037844387,-0.4999999999999998,-0.9749279121818236,-0.2225209339563146,45.5,3,5.936241610738255,33,27,6.327810402684564,33,6.697986577181208,P05,complementos,restaurante,Macapá,AP,Macapá
4,5,5,95,2,1,0.8660254037844387,-0.4999999999999998,-0.9749279121818236,-0.2225209339563146,45.5,3,6.811241610738255,9,20,7.859597315436242,33,6.697986577181208,P03,atacado,varejo,Macapá,AP,Macapá
4,5,5,95,2,1,0.8660254037844387,-0.4999999999999998,-0.9749279121818236,-0.2225209339563146,25.0,0,6.697986577181209,365,19,6.187080536912752,23,6.697986577181208,P02,congelados,restaurante,Manaus,AM,Manaus
4,5,5,95,2,1,0.8660254037844387,-0.4999999999999998,-0.9749279121818236,-0.2225209339563146,65.0,3,5.061241610738255,8,20,6.739597315436242,33,6.697986577181208,P06,pronto para consumo,atacado,Macapá,AP,Macapá
4,6,6,96,2,1,0.8660254037844387,-0.4999999999999998,-0.7818314824680299,0.6234898018587334,65.0,1,6.028322440087146,34,20,6.006797385620915,25,6.633986928104576,P02,congelados,atacado,Santana,AP,Macapá
4,6,6,96,2,1,0.8660254037844387,-0.4999999999999998,-0.7818314824680299,0.6234898018587334,12.5,1,6.028322440087146,15,20,6.006797385620915,30,6.633986928104576,P02,congelados,varejo,Belém,PA,Belém
4,6,6,96,2,1,0.8660254037844387,-0.4999999999999998,-0.7818314824680299,0.6234898018587334,32.4,7,6.18082788671024,5,20,6.006797385620915,30,6.633986928104576,P02,congelados,atacado,Belém,PA,Belém
4,0,7,97,2,0,0.8660254037844387,-0.4999999999999998,0.0,1.0,32.4,3,7.7556089743589745,28,28,6.243783993783993,33,6.608974358974359,P05,complementos,restaurante,Santarém,PA,Santarém
4,0,7,97,2,0,0.8660254037844387,-0.4999999999999998,0.0,1.0,18.9,0,6.6089743589743595,365,27,6.782652243589744,26,6.608974358974359,P04,congelados,varejo,Santana,AP,Macapá
4,0,7,97,2,0,0.8660254037844387,-0.4999999999999998,0.0,1.0,12.5,2,7.1492673992674,30,28,6.243783993783993,24,6.608974358974359,P05,complementos,varejo,Manaus,AM,Manaus
4,0,7,97,2,0,0.8660254037844387,-0.4999999999999998,0.0,1.0,32.4,4,4.671652421652421,2,27,6.782652243589744,24,6.608974358974359,P04,congelados,atacado,Manaus,AM,Manaus
4,0,7,97,2,0,0.8660254037844387,-0.4999999999999998,0.0,1.0,12.5,5,7.80448717948718,12,28,6.243783993783993,36,6.608974358974359,P05,complementos,atacado,Macapá,AP,Macapá
4,1,8,98,2,0,0.8660254037844387,-0.4999999999999998,0.7818314824680298,0.6234898018587336,65.0,2,6.676131322094055,51,29,6.786262331019365,37,6.546583850931677,P04,congelados,varejo,Macapá,AP,Macapá
4,1,8,98,2,0,0.8660254037844387,-0.4999999999999998,0.7818314824680298,0.6234898018587336,25.0,4,7.192546583850931,1,31,5.9648033126294,26,6.546583850931677,P05,complementos,restaurante,Manaus,AM,Manaus
4,1,8,98,2,0,0.8660254037844387,-0.4999999999999998,0.7818314824680298,0.6234898018587336,12.5,2,6.676131322094055,20,21,7.874343048256092,34,6.546583850931677,P03,atacado,varejo,Santarém,PA,Santarém
4,3,10,100,2,0,0.8660254037844387,-0.4999999999999998,0.43388373911755823,-0.900968867902419,65.0,5,5.531707317073171,21,30,6.609059233449477,38,6.463414634146342,P04,congelados,atacado,Macapá,AP,Macapá
4,3,10,100,2,0,0.8660254037844387,-0.4999999999999998,0.43388373911755823,-0.900968867902419,45.5,0,6.463414634146342,365,21,6.512195121951219,27,6.463414634146342,P06,pronto para consumo,restaurante,Santana,AP,Macapá
4,3,10,100,2,0,0.8660254037844387,-0.4999999999999998,0.43388373911755823,-0.900968867902419,65.0,4,5.368563685636857,51,31,6.64769647696477,35,6.463414634146342,P01,congelados,restaurante,Santarém,PA,Santarém
4,4,11,101,2,0,0.8660254037844387,-0.4999999999999998,-0.433883739117558,-0.9009688679024191,45.5,3,6.905688622754491,40,22,7.675759591927256,36,6.449101796407185,P03,atacado,varejo,Santarém,PA,Santarém
4,5,12,102,2,1,0.8660254037844387,-0.4999999999999998,-0.9749279121818236,-0.2225209339563146,45.5,2,6.297619047619048,11,23,7.4315476190476195,39,6.416666666666667,P03,atacado,varejo,Macapá,AP,Macapá
4,6,13,103,2,1,0.8660254037844387,-0.4999999999999998,-0.7818314824680299,0.6234898018587334,18.9,2,7.892645815722738,15,24,7.594776576208936,37,6.449704142011834,P03,atacado,varejo,Santarém,PA,Santarém
4,6,13,103,2,1,0.8660254037844387,-0.4999999999999998,-0.7818314824680299,0.6234898018587334,12.5,1,5.708086785009861,8,32,5.844554613785382,40,6.449704142011834,P05,complementos,restaurante,Macapá,AP,Macapá
4,2,16,106,2,0,0.8660254037844387,-0.4999999999999998,0.9749279121818236,-0.22252093395631434,45.5,5,5.336842105263158,9,22,6.346978557504873,27,6.473684210526316,P06,pronto para consumo,atacado,Manaus,AM,Manaus
4,2,16,106,2,0,0.8660254037844387,-0.4999999999999998,0.9749279121818236,-0.22252093395631434,12.5,3,7.921052631578948,3,25,7.612280701754386,32,6.473684210526316,P03,atacado,varejo,Belém,PA,Belém
4,3,17,107,2,0,0.8660254037844387,-0.4999999999999998,0.43388373911755823,-0.900968867902419,65.0,1,6.747591522157996,19,23,6.303055326176713,33,6.497109826589595,P06,pronto para consumo,varejo,Belém,PA,Belém
4,3,17,107,2,0,0.8660254037844387,-0.4999999999999998,0.43388373911755823,-0.900968867902419,25.0,3,6.185693641618497,23,26,7.757598359127353,41,6.497109826589595,P03,atacado,restaurante,Macapá,AP,Macapá
4,3,17,107,2,0,0.8660254037844387,-0.4999999999999998,0.43388373911755823,-0.900968867902419,12.5,1,6.914258188824662,36,26,7.757598359127353,33,6.497109826589595,P03,atacado,varejo,Belém,PA,Belém
4,4,18,108,2,0,0.8660254037844387,-0.4999999999999998,-0.433883739117558,-0.9009688679024191,65.0,2,7.258928571428571,1,31,6.522569444444445,28,6.5625,P04,congelados,varejo,Manaus,AM,Manaus
4,5,19,109,2,1,0.8660254037844387,-0.4999999999999998,-0.9749279121818236,-0.2225209339563146,18.9,1,5.651600753295668,43,33,5.944989592625632,35,6.581920903954802,P05,complementos,atacado,Belém,PA,Belém
4,6,20,110,2,1,0.8660254037844387,-0.4999999999999998,-0.7818314824680299,0.6234898018587334,45.5,2,6.68298555377207,50,24,6.4407206509104995,28,6.556179775280899,P06,pronto para consumo,restaurante,Santana,AP,Macapá
4,6,20,110,2,1,0.8660254037844387,-0.4999999999999998,-0.7818314824680299,0.6234898018587334,65.0,2,6.111556982343499,18,34,5.840535868625756,29,6.556179775280899,P05,complementos,varejo,Manaus,AM,Manaus
4,0,21,111,2,0,0.8660254037844387,-0.4999999999999998,0.0,1.0,65.0,2,7.119047619047619,38,25,6.594444444444444,29,6.566666666666666,P06,pronto para consumo,atacado,Santana,AP,Macapá
4,0,21,111,2,0,0.8660254037844387,-0.4999999999999998,0.0,1.0,25.0,5,6.083333333333333,11,28,7.934343434343433,42,6.566666666666666,P03,atacado,restaurante,Macapá,AP,Macapá
4,1,22,112,2,0,0.8660254037844387,-0.4999999999999998,0.7818314824680298,0.6234898018587336,45.5,2,6.25353218210361,57,35,5.794368131868131,36,6.554945054945055,P05,complementos,restaurante,Belém,PA,Belém
4,1,22,112,2,0,0.8660254037844387,-0.4999999999999998,0.7818314824680298,0.6234898018587336,12.5,3,7.471840659340659,1,32,6.804722304722304,36,6.554945054945055,P01,congelados,atacado,Belém,PA,Belém
4,1,22,112,2,0,0.8660254037844387,-0.4999999999999998,0.7818314824680298,0.6234898018587336,25.0,2,5.967817896389325,75,23,5.920525902668759,38,6.554945054945055,P02,congelados,varejo,Santarém,PA,Santarém
4,2,23,113,2,0,0.8660254037844387,-0.4999999999999998,0.9749279121818236,-0.22252093395631434,18.9,2,5.077220077220077,4,29,7.721780604133545,30,6.508108108108108,P03,atacado,atacado,Manaus,AM,Manaus
4,3,24,114,2,0,0.8660254037844387,-0.4999999999999998,0.43388373911755823,-0.900968867902419,65.0,2,6.631336405529953,39,24,5.945494994438264,43,6.483870967741935,P02,congelados,varejo,Macapá,AP,Macapá
4,4,25,115,2,0,0.8660254037844387,-0.4999999999999998,-0.433883739117558,-0.9009688679024191,45.5,2,5.6524064171123,30,32,6.609914727561787,44,6.5133689839572195,P04,congelados,varejo,Macapá,AP,Macapá
4,4,25,115,2,0,0.8660254037844387,-0.4999999999999998,-0.433883739117558,-0.9009688679024191,12.5,1,7.427807486631017,96,30,7.559052711993888,44,6.5133689839572195,P03,atacado,restaurante,Macapá,AP,Macapá
4,5,26,116,2,1,0.8660254037844387,-0.4999999999999998,-0.9749279121818236,-0.2225209339563146,32.4,2,7.107331821617536,23,36,5.725642018324946,38,6.550264550264551,P05,complementos,restaurante,Belém,PA,Belém
4,6,27,117,2,1,0.8660254037844387,-0.4999999999999998,-0.7818314824680299,0.6234898018587334,45.5,3,7.2006578947368425,7,33,6.752770083102493,39,6.521052631578947,P04,congelados,restaurante,Belém,PA,Belém
4,6,27,117,2,1,0.8660254037844387,-0.4999999999999998,-0.7818314824680299,0.6234898018587334,12.5,4,6.2894736842105265,16,25,6.1535087719298245,39,6.521052631578947,P02,congelados,varejo,Santarém,PA,Santarém
4,1,29,119,2,0,0.8660254037844387,-0.4999999999999998,0.7818314824680298,0.6234898018587336,12.5,2,5.939732142857143,27,34,6.630208333333333,30,6.515625,P04,congelados,varejo,Santana,AP,Macapá
4,1,29,119,2,0,0.8660254037844387,-0.4999999999999998,0.7818314824680298,0.6234898018587336,18.9,4,6.730902777777778,7,31,7.571614583333333,40,6.515625,P03,atacado,atacado,Belém,PA,Belém
5,3,1,121,2,0,0.49999999999999994,-0.8660254037844387,0.43388373911755823,-0.900968867902419,12.5,2,6.243740795287187,18,33,6.650162778079219,46,6.541237113402062,P01,congelados,restaurante,Macapá,AP,Macapá
5,3,1,121,2,0,0.49999999999999994,-0.8660254037844387,0.43388373911755823,-0.900968867902419,25.0,2,6.243740795287187,18,33,6.650162778079219,40,6.541237113402062,P01,congelados,restaurante,Santarém,PA,Santarém
5,3,1,121,2,0,0.49999999999999994,-0.8660254037844387,0.43388373911755823,-0.900968867902419,65.0,1,5.784364261168385,24,33,6.650162778079219,31,6.541237113402062,P01,congelados,varejo,Santana,AP,Macapá
5,3,1,121,2,0,0.49999999999999994,-0.8660254037844387,0.43388373911755823,-0.900968867902419,25.0,3,6.088273195876289,28,26,6.700199534419688,31,6.541237113402062,P06,pronto para consumo,atacado,Manaus,AM,Manaus
5,3,1,121,2,0,0.49999999999999994,-0.8660254037844387,0.43388373911755823,-0.900968867902419,32.4,2,6.9580265095729015,72,35,6.742654639175258,31,6.541237113402062,P04,congelados,restaurante,Santana,AP,Macapá
5,4,2,122,2,0,0.49999999999999994,-0.8660254037844387,-0.433883739117558,-0.9009688679024191,32.4,4,6.943048576214405,38,36,6.426522858193406,32,6.49748743718593,P01,congelados,restaurante,Manaus,AM,Manaus
5,4,2,122,2,0,0.49999999999999994,-0.8660254037844387,-0.433883739117558,-0.9009688679024191,18.9,2,7.4982053122756644,7,36,6.646035053315357,41,6.49748743718593,P04,congelados,restaurante,Belém,PA,Belém
5,4,2,122,2,0,0.49999999999999994,-0.8660254037844387,-0.433883739117558,-0.9009688679024191,25.0,4,6.943048576214405,27,32,7.553714518538639,41,6.49748743718593,P03,atacado,varejo,Santarém,PA,Santarém
5,0,5,125,2,0,0.49999999999999994,-0.8660254037844387,0.0,1.0,32.4,3,6.800123762376238,28,37,6.485737859500236,47,6.48019801980198,P01,congelados,varejo,Macapá,AP,Macapá
5,2,7,127,2,0,0.49999999999999994,-0.8660254037844387,0.9749279121818236,-0.22252093395631434,12.5,2,7.3413089373680505,20,26,6.2706181471476246,42,6.477832512315271,P02,congelados,varejo,Belém,PA,Belém
5,2,7,127,2,0,0.49999999999999994,-0.8660254037844387,0.9749279121818236,-0.22252093395631434,65.0,5,6.538916256157636,43,37,6.5330752990851515,48,6.477832512315271,P04,congelados,atacado,Macapá,AP,Macapá
5,2,7,127,2,0,0.49999999999999994,-0.8660254037844387,0.9749279121818236,-0.22252093395631434,12.5,3,7.5486453201970445,19,26,6.2706181471476246,33,6.477832512315271,P02,congelados,varejo,Manaus,AM,Manaus
5,4,9,129,2,0,0.49999999999999994,-0.8660254037844387,-0.433883739117558,-0.9009688679024191,25.0,4,7.266990291262136,2,33,7.484287174246296,42,6.480582524271845,P03,atacado,varejo,Santarém,PA,Santarém
5,4,9,129,2,0,0.49999999999999994,-0.8660254037844387,-0.433883739117558,-0.9009688679024191,32.4,3,5.800364077669903,19,37,5.604831252889506,43,6.480582524271845,P05,complementos,varejo,Belém,PA,Belém
5,4,9,129,2,0,0.49999999999999994,-0.8660254037844387,-0.433883739117558,-0.9009688679024191,45.5,2,5.628987517337031,33,33,7.484287174246296,34,6.480582524271845,P03,atacado,varejo,Manaus,AM,Manaus
5,5,10,130,2,1,0.49999999999999994,-0.8660254037844387,-0.9749279121818236,-0.2225209339563146,32.4,4,6.715576820839979,23,38,5.638143985757205,49,6.488038277511961,P05,complementos,restaurante,Macapá,AP,Macapá
5,6,11,131,2,1,0.49999999999999994,-0.8660254037844387,-0.7818314824680299,0.6234898018587334,25.0,4,6.6005291005291005,14,39,5.6228354978354975,44,6.480952380952381,P05,complementos,restaurante,Belém,PA,Belém
5,0,12,132,2,0,0.49999999999999994,-0.8660254037844387,0.0,1.0,45.5,4,6.374407582938389,41,38,6.473713215033616,45,6.4739336492890995,P01,congelados,atacado,Belém,PA,Belém
5,0,12,132,2,0,0.49999999999999994,-0.8660254037844387,0.0,1.0,32.4,6,5.3063334769495905,26,40,5.608214849921011,45,6.4739336492890995,P05,complementos,atacado,Belém,PA,Belém
5,1,13,133,2,0,0.49999999999999994,-0.8660254037844387,0.7818314824680298,0.6234898018587336,12.5,3,7.290492957746479,97,27,6.79137323943662,43,6.464788732394366,P06,pronto para consumo,varejo,Santarém,PA,Santarém
5,2,14,134,2,0,0.49999999999999994,-0.8660254037844387,0.9749279121818236,-0.22252093395631434,45.5,4,6.494807892004154,13,35,7.461331775700934,47,6.490654205607477,P03,atacado,atacado,Belém,PA,Belém
5,2,14,134,2,0,0.49999999999999994,-0.8660254037844387,0.9749279121818236,-0.22252093395631434,18.9,3,7.056658878504673,47,38,6.591936535535752,33,6.490654205607477,P04,congelados,varejo,Santana,AP,Macapá
5,2,14,134,2,0,0.49999999999999994,-0.8660254037844387,0.9749279121818236,-0.22252093395631434,12.5,3,5.931658878504673,36,35,7.461331775700934,33,6.490654205607477,P03,atacado,varejo,Santana,AP,Macapá
5,2,14,134,2,0,0.49999999999999994,-0.8660254037844387,0.9749279121818236,-0.22252093395631434,25.0,4,7.828141225337488,1,41,5.531592848435595,33,6.490654205607477,P05,complementos,varejo,Santana,AP,Macapá
5,3,15,135,2,0,0.49999999999999994,-0.8660254037844387,0.43388373911755823,-0.900968867902419,25.0,5,6.733944954128441,16,39,6.530442035029191,48,6.467889908256881,P01,congelados,atacado,Belém,PA,Belém
5,3,15,135,2,0,0.49999999999999994,-0.8660254037844387,0.43388373911755823,-0.900968867902419,45.5,5,6.633944954128441,3,42,5.581690415772009,35,6.467889908256881,P05,complementos,atacado,Manaus,AM,Manaus
5,4,16,136,2,0,0.49999999999999994,-0.8660254037844387,-0.433883739117558,-0.9009688679024191,25.0,4,6.825757575757575,2,28,6.952479338842975,44,6.486363636363636,P06,pronto para consumo,varejo,Santarém,PA,Santarém
5,4,16,136,2,0,0.49999999999999994,-0.8660254037844387,-0.433883739117558,-0.9009688679024191,12.5,3,5.0539772727272725,44,39,6.555268595041323,50,6.486363636363636,P04,congelados,atacado,Macapá,AP,Macapá
5,4,16,136,2,0,0.49999999999999994,-0.8660254037844387,-0.433883739117558,-0.9009688679024191,65.0,3,7.3039772727272725,22,40,6.520707070707071,49,6.486363636363636,P01,congelados,varejo,Belém,PA,Belém
5,5,17,137,2,1,0.49999999999999994,-0.8660254037844387,-0.9749279121818236,-0.2225209339563146,45.5,4,7.1604384653712,1,41,6.509651004094366,36,6.488789237668161,P01,congelados,varejo,Manaus,AM,Manaus
5,6,18,138,2,1,0.49999999999999994,-0.8660254037844387,-0.7818314824680299,0.6234898018587334,25.0,1,6.4278273809523805,113,37,7.299213435374149,45,6.513392857142857,P03,atacado,atacado,Santarém,PA,Santarém
5,1,20,140,2,0,0.49999999999999994,-0.8660254037844387,0.7818314824680298,0.6234898018587336,45.5,3,7.933333333333334,72,42,6.62695035460993,46,6.493333333333333,P01,congelados,atacado,Santarém,PA,Santarém
5,1,20,140,2,0,0.49999999999999994,-0.8660254037844387,0.7818314824680298,0.6234898018587336,45.5,3,6.433333333333334,25,38,7.173643410852714,50,6.493333333333333,P03,atacado,varejo,Belém,PA,Belém
5,2,21,141,2,0,0.49999999999999994,-0.8660254037844387,0.9749279121818236,-0.22252093395631434,45.5,5,6.746696035242292,19,29,7.0431458927183215,51,6.493392070484582,P06,pronto para consumo,varejo,Belém,PA,Belém
5,2,21,141,2,0,0.49999999999999994,-0.8660254037844387,0.9749279121818236,-0.22252093395631434,65.0,5,7.846696035242291,7,39,7.078794553464157,51,6.493392070484582,P03,atacado,varejo,Macapá,AP,Macapá
5,2,21,141,2,0,0.49999999999999994,-0.8660254037844387,0.9749279121818236,-0.22252093395631434,32.4,3,6.808370044052864,19,40,6.499265785609398,47,6.493392070484582,P04,congelados,restaurante,Santarém,PA,Santarém
5,2,21,141,2,0,0.49999999999999994,-0.8660254037844387,0.9749279121818236,-0.22252093395631434,18.9,3,6.058370044052864,29,43,6.697228340675477,51,6.493392070484582,P01,congelados,varejo,Macapá,AP,Macapá
5,2,21,141,2,0,0.49999999999999994,-0.8660254037844387,0.9749279121818236,-0.22252093395631434,25.0,3,6.058370044052864,29,28,6.226271525830997,47,6.493392070484582,P02,congelados,varejo,Santarém,PA,Santarém
5,2,21,141,2,0,0.49999999999999994,-0.8660254037844387,0.9749279121818236,-0.22252093395631434,12.5,2,5.6381371932032724,117,43,5.697228340675477,36,6.493392070484582,P05,complementos,atacado,Santana,AP,Macapá
5,3,22,142,2,0,0.49999999999999994,-0.8660254037844387,0.43388373911755823,-0.900968867902419,65.0,5,6.44892703862661,11,44,6.601821844617675,52,6.497854077253219,P01,congelados,restaurante,Belém,PA,Belém
5,4,23,143,2,0,0.49999999999999994,-0.8660254037844387,-0.433883739117558,-0.9009688679024191,65.0,4,6.0603038936372275,9,29,6.280668677727501,49,6.5085470085470085,P02,congelados,varejo,Santarém,PA,Santarém
5,4,23,143,2,0,0.49999999999999994,-0.8660254037844387,-0.433883739117558,-0.9009688679024191,18.9,3,5.817841880341881,14,30,7.044078144078144,37,6.5085470085470085,P06,pronto para consumo,varejo,Santana,AP,Macapá
5,5,24,144,2,1,0.49999999999999994,-0.8660254037844387,-0.9749279121818236,-0.2225209339563146,25.0,5,7.145762711864407,22,30,6.327360774818402,53,6.491525423728813,P02,congelados,restaurante,Macapá,AP,Macapá
5,0,26,146,2,0,0.49999999999999994,-0.8660254037844387,0.0,1.0,45.5,3,7.047995780590718,44,40,7.186310360993906,54,6.476793248945148,P03,atacado,varejo,Macapá,AP,Macapá
5,1,27,147,2,0,0.49999999999999994,-0.8660254037844387,0.7818314824680298,0.6234898018587336,32.4,5,7.233193277310924,18,41,7.115911582024114,55,6.466386554621849,P03,atacado,varejo,Macapá,AP,Macapá
5,1,27,147,2,0,0.49999999999999994,-0.8660254037844387,0.7818314824680298,0.6234898018587336,32.4,4,8.370214752567694,41,44,5.659835362716516,37,6.466386554621849,P05,complementos,varejo,Manaus,AM,Manaus
5,1,27,147,2,0,0.49999999999999994,-0.8660254037844387,0.7818314824680298,0.6234898018587336,18.9,1,5.55532212885154,87,45,6.646638655462185,38,6.466386554621849,P01,congelados,varejo,Santana,AP,Macapá
5,2,28,148,2,0,0.49999999999999994,-0.8660254037844387,0.9749279121818236,-0.22252093395631434,65.0,2,5.918197984588026,27,41,6.5092909976547,53,6.485477178423237,P04,congelados,varejo,Belém,PA,Belém
5,2,28,148,2,0,0.49999999999999994,-0.8660254037844387,0.9749279121818236,-0.22252093395631434,12.5,4,8.158598432457353,8,46,6.675046782198357,39,6.485477178423237,P01,congelados,atacado,Santana,AP,Macapá
5,2,28,148,2,0,0.49999999999999994,-0.8660254037844387,0.9749279121818236,-0.22252093395631434,45.5,4,6.714153988012909,23,46,6.675046782198357,39,6.485477178423237,P01,congelados,varejo,Santana,AP,Macapá
5,3,29,149,2,0,0.49999999999999994,-0.8660254037844387,0.43388373911755823,-0.900968867902419,12.5,3,6.182377049180328,51,31,6.873861566484518,38,6.491803278688525,P06,pronto para consumo,varejo,Manaus,AM,Manaus
5,3,29,149,2,0,0.49999999999999994,-0.8660254037844387,0.43388373911755823,-0.900968867902419,45.5,6,6.678092399403875,14,31,6.2349726775956285,50,6.491803278688525,P02,congelados,atacado,Santarém,PA,Santarém
6,6,1,152,2,1,1.2246467991473532e-16,-1.0,-0.7818314824680299,0.6234898018587334,25.0,6,6.7560975609756095,8,32,6.143704680290046,51,6.463414634146342,P02,congelados,restaurante,Santarém,PA,Santarém
6,0,2,153,2,0,1.2246467991473532e-16,-1.0,0.0,1.0,32.4,5,5.822672064777328,12,45,5.684534412955466,56,6.445344129554656,P05,complementos,varejo,Macapá,AP,Macapá
6,1,3,154,2,0,1.2246467991473532e-16,-1.0,0.7818314824680298,0.6234898018587336,18.9,5,7.611693548387097,17,42,7.151424159231297,57,6.423387096774194,P03,atacado,varejo,Macapá,AP,Macapá
6,1,3,154,2,0,1.2246467991473532e-16,-1.0,0.7818314824680298,0.6234898018587336,18.9,6,5.283357771260997,54,42,6.385466712422787,41,6.423387096774194,P04,congelados,atacado,Santana,AP,Macapá
6,1,3,154,2,0,1.2246467991473532e-16,-1.0,0.7818314824680298,0.6234898018587336,18.9,4,6.012992831541219,14,42,6.385466712422787,57,6.423387096774194,P04,congelados,varejo,Macapá,AP,Macapá
6,1,3,154,2,0,1.2246467991473532e-16,-1.0,0.7818314824680298,0.6234898018587336,45.5,2,7.30241935483871,130,42,6.385466712422787,41,6.423387096774194,P04,congelados,atacado,Santana,AP,Macapá
6,2,4,155,2,0,1.2246467991473532e-16,-1.0,0.9749279121818236,-0.22252093395631434,65.0,5,6.52420634920635,25,43,7.19254298941799,39,6.448412698412699,P03,atacado,restaurante,Manaus,AM,Manaus
6,2,4,155,2,0,1.2246467991473532e-16,-1.0,0.9749279121818236,-0.22252093395631434,18.9,3,6.280257936507937,39,46,5.592981637099284,39,6.448412698412699,P05,complementos,restaurante,Manaus,AM,Manaus
6,3,5,156,2,0,1.2246467991473532e-16,-1.0,0.43388373911755823,-0.900968867902419,45.5,1,6.374015748031496,86,47,5.581617201695942,43,6.448818897637795,P05,complementos,restaurante,Santana,AP,Macapá
6,4,6,157,2,0,1.2246467991473532e-16,-1.0,-0.433883739117558,-0.9009688679024191,32.4,5,6.633333333333335,59,44,7.210884353741497,41,6.466666666666667,P03,atacado,restaurante,Manaus,AM,Manaus
6,6,8,159,2,1,1.2246467991473532e-16,-1.0,-0.7818314824680299,0.6234898018587334,12.5,7,5.777018229166667,5,32,6.765519425675675,42,6.46484375,P06,pronto para consumo,atacado,Manaus,AM,Manaus
6,6,8,159,2,1,1.2246467991473532e-16,-1.0,-0.7818314824680299,0.6234898018587334,12.5,4,5.924913194444445,30,48,5.685362617924528,54,6.46484375,P05,complementos,varejo,Belém,PA,Belém
6,6,8,159,2,1,1.2246467991473532e-16,-1.0,-0.7818314824680299,0.6234898018587334,45.5,4,5.813802083333333,10,45,6.466484375,44,6.46484375,P04,congelados,varejo,Santana,AP,Macapá
6,6,8,159,2,1,1.2246467991473532e-16,-1.0,-0.7818314824680299,0.6234898018587334,25.0,4,5.591579861111111,64,32,6.765519425675675,52,6.46484375,P06,pronto para consumo,restaurante,Santarém,PA,Santarém
6,0,9,160,2,0,1.2246467991473532e-16,-1.0,0.0,1.0,25.0,3,6.6826923076923075,137,34,6.781065088757396,53,6.492307692307692,P06,pronto para consumo,atacado,Santarém,PA,Santarém
6,0,9,160,2,0,1.2246467991473532e-16,-1.0,0.0,1.0,12.5,1,6.743589743589744,83,49,5.786324786324786,55,6.492307692307692,P05,complementos,restaurante,Belém,PA,Belém
6,0,9,160,2,0,1.2246467991473532e-16,-1.0,0.0,1.0,18.9,6,7.1328671328671325,63,46,6.499245852187029,55,6.492307692307692,P04,congelados,atacado,Belém,PA,Belém
6,1,10,161,2,0,1.2246467991473532e-16,-1.0,0.7818314824680298,0.6234898018587336,18.9,3,7.047053231939163,80,48,6.799555204821005,54,6.475285171102661,P01,congelados,restaurante,Santarém,PA,Santarém
6,2,11,162,2,0,1.2246467991473532e-16,-1.0,0.9749279121818236,-0.22252093395631434,18.9,1,5.746843434343435,62,45,7.189621212121213,57,6.496212121212121,P03,atacado,restaurante,Belém,PA,Belém
6,3,12,163,2,0,1.2246467991473532e-16,-1.0,0.43388373911755823,-0.900968867902419,65.0,3,4.6745283018867925,50,46,7.086200517943027,55,6.479245283018868,P03,atacado,atacado,Santarém,PA,Santarém
6,3,12,163,2,0,1.2246467991473532e-16,-1.0,0.43388373911755823,-0.900968867902419,65.0,4,4.932914046121593,27,35,6.709905660377359,58,6.479245283018868,P06,pronto para consumo,atacado,Belém,PA,Belém
6,4,13,164,2,0,1.2246467991473532e-16,-1.0,-0.433883739117558,-0.9009688679024191,45.5,6,7.766768811712632,10,36,6.8398648031424125,59,6.48689138576779,P06,pronto para consumo,varejo,Macapá,AP,Macapá
6,4,13,164,2,0,1.2246467991473532e-16,-1.0,-0.433883739117558,-0.9009688679024191,25.0,5,8.243445692883896,17,49,6.896934387571092,56,6.48689138576779,P01,congelados,varejo,Santarém,PA,Santarém
6,6,15,166,2,1,1.2246467991473532e-16,-1.0,-0.7818314824680299,0.6234898018587334,12.5,5,5.930483271375465,32,47,7.005862167572205,43,6.4609665427509295,P03,atacado,atacado,Manaus,AM,Manaus
6,0,16,167,2,0,1.2246467991473532e-16,-1.0,0.0,1.0,32.4,7,7.27932098765432,3,50,5.7518518518518515,45,6.470370370370371,P05,complementos,varejo,Santana,AP,Macapá
6,0,16,167,2,0,1.2246467991473532e-16,-1.0,0.0,1.0,45.5,7,6.362654320987654,18,48,7.044374563242488,44,6.470370370370371,P03,atacado,atacado,Manaus,AM,Manaus
6,0,16,167,2,0,1.2246467991473532e-16,-1.0,0.0,1.0,45.5,2,6.907407407407407,105,48,7.044374563242488,45,6.470370370370371,P03,atacado,restaurante,Santana,AP,Macapá
6,0,16,167,2,0,1.2246467991473532e-16,-1.0,0.0,1.0,12.5,4,6.816872427983539,26,48,7.044374563242488,57,6.470370370370371,P03,atacado,restaurante,Santarém,PA,Santarém
6,1,17,168,2,0,1.2246467991473532e-16,-1.0,0.7818314824680298,0.6234898018587336,25.0,2,7.46089676746611,143,51,6.896897810218978,45,6.445255474452555,P03,atacado,atacado,Manaus,AM,Manaus
6,1,17,168,2,0,1.2246467991473532e-16,-1.0,0.7818314824680298,0.6234898018587336,18.9,3,7.653284671532846,79,51,6.896897810218978,47,6.445255474452555,P03,atacado,restaurante,Santana,AP,Macapá
6,2,18,169,2,0,1.2246467991473532e-16,-1.0,0.9749279121818236,-0.22252093395631434,12.5,6,5.386034255599473,16,53,6.9007996001999,59,6.449275362318841,P03,atacado,varejo,Belém,PA,Belém
6,2,18,169,2,0,1.2246467991473532e-16,-1.0,0.9749279121818236,-0.22252093395631434,12.5,3,6.530797101449275,92,51,5.754399585921325,59,6.449275362318841,P05,complementos,restaurante,Belém,PA,Belém
6,2,18,169,2,0,1.2246467991473532e-16,-1.0,0.9749279121818236,-0.22252093395631434,32.4,3,6.405797101449275,48,33,6.032799389778795,59,6.449275362318841,P02,congelados,restaurante,Belém,PA,Belém
6,3,19,170,2,0,1.2246467991473532e-16,-1.0,0.43388373911755823,-0.900968867902419,32.4,2,5.189964157706093,8,47,6.506341328921975,60,6.465949820788531,P04,congelados,restaurante,Macapá,AP,Macapá
6,4,20,171,2,0,1.2246467991473532e-16,-1.0,-0.433883739117558,-0.9009688679024191,32.4,5,6.430357142857143,12,52,5.724624060150377,48,6.460714285714285,P05,complementos,varejo,Santana,AP,Macapá
6,5,21,172,2,1,1.2246467991473532e-16,-1.0,-0.9749279121818236,-0.2225209339563146,65.0,4,7.4851720047449595,4,48,6.478614114013294,46,6.473309608540926,P04,congelados,restaurante,Manaus,AM,Manaus
6,5,21,172,2,1,1.2246467991473532e-16,-1.0,-0.9749279121818236,-0.2225209339563146,45.5,4,6.1518386714116255,17,34,6.188885847248836,62,6.473309608540926,P02,congelados,restaurante,Belém,PA,Belém
6,6,22,173,2,1,1.2246467991473532e-16,-1.0,-0.7818314824680299,0.6234898018587334,45.5,4,5.2689438555162935,52,49,6.43371286480827,47,6.4840989399293285,P04,congelados,restaurante,Manaus,AM,Manaus
6,6,22,173,2,1,1.2246467991473532e-16,-1.0,-0.7818314824680299,0.6234898018587334,32.4,7,5.618374558303887,4,49,6.43371286480827,49,6.4840989399293285,P04,congelados,varejo,Santana,AP,Macapá
6,0,23,174,2,0,1.2246467991473532e-16,-1.0,0.0,1.0,32.4,4,6.715399610136452,28,37,6.724728487886383,61,6.487719298245614,P06,pronto para consumo,varejo,Macapá,AP,Macapá
6,0,23,174,2,0,1.2246467991473532e-16,-1.0,0.0,1.0,65.0,6,7.858054226475279,10,50,6.844338118022328,50,6.487719298245614,P01,congelados,varejo,Santana,AP,Macapá
6,1,24,175,2,0,1.2246467991473532e-16,-1.0,0.7818314824680298,0.6234898018587336,65.0,8,5.726078799249531,79,38,6.638116846284742,63,6.487804878048781,P06,pronto para consumo,atacado,Belém,PA,Belém
6,1,24,175,2,0,1.2246467991473532e-16,-1.0,0.7818314824680298,0.6234898018587336,65.0,3,7.554878048780488,7,51,6.454268292682927,62,6.487804878048781,P04,congelados,atacado,Macapá,AP,Macapá
6,1,24,175,2,0,1.2246467991473532e-16,-1.0,0.7818314824680298,0.6234898018587336,45.5,5,7.14390243902439,27,51,6.900696864111498,58,6.487804878048781,P01,congelados,varejo,Santarém,PA,Santarém
6,1,24,175,2,0,1.2246467991473532e-16,-1.0,0.7818314824680298,0.6234898018587336,45.5,6,6.676274944567627,33,54,6.922695328648202,62,6.487804878048781,P03,atacado,restaurante,Macapá,AP,Macapá
6,2,25,176,2,0,1.2246467991473532e-16,-1.0,0.9749279121818236,-0.22252093395631434,18.9,2,5.932253313696613,29,52,6.816241635015373,48,6.505154639175258,P01,congelados,varejo,Manaus,AM,Manaus
6,2,25,176,2,0,1.2246467991473532e-16,-1.0,0.9749279121818236,-0.22252093395631434,18.9,3,5.315721649484536,28,55,7.008762886597938,64,6.505154639175258,P03,atacado,varejo,Belém,PA,Belém
6,2,25,176,2,0,1.2246467991473532e-16,-1.0,0.9749279121818236,-0.22252093395631434,65.0,6,6.684161199625118,1,39,6.625585754451734,64,6.505154639175258,P06,pronto para consumo,varejo,Macapá,AP,Macapá
6,2,25,176,2,0,1.2246467991473532e-16,-1.0,0.9749279121818236,-0.22252093395631434,32.4,8,5.963521015067408,3,39,6.625585754451734,51,6.505154639175258,P06,pronto para consumo,varejo,Santana,AP,Macapá
6,3,26,177,2,0,1.2246467991473532e-16,-1.0,0.43388373911755823,-0.900968867902419,32.4,5,7.162711864406779,5,53,6.907364114552894,49,6.52542372881356,P01,congelados,restaurante,Manaus,AM,Manaus
6,3,26,177,2,0,1.2246467991473532e-16,-1.0,0.43388373911755823,-0.900968867902419,65.0,5,6.36271186440678,91,52,6.537317870948558,65,6.52542372881356,P04,congelados,restaurante,Macapá,AP,Macapá
6,4,27,178,2,0,1.2246467991473532e-16,-1.0,-0.433883739117558,-0.9009688679024191,65.0,9,5.768638768638768,3,41,6.603498755672669,50,6.552188552188552,P06,pronto para consumo,atacado,Manaus,AM,Manaus
6,6,29,180,2,1,1.2246467991473532e-16,-1.0,-0.7818314824680299,0.6234898018587334,25.0,4,6.409395973154362,20,53,6.598009719972228,51,6.5369127516778525,P04,congelados,atacado,Manaus,AM,Manaus
6,0,30,181,2,0,1.2246467991473532e-16,-1.0,0.0,1.0,18.9,4,7.636194723151245,20,53,5.805616422557952,66,6.545150501672241,P05,complementos,restaurante,Macapá,AP,Macapá
6,0,30,181,2,0,1.2246467991473532e-16,-1.0,0.0,1.0,32.4,0,6.545150501672241,365,54,6.978402584887478,65,6.545150501672241,P01,congelados,restaurante,Belém,PA,Belém
7,1,1,182,3,0,-0.4999999999999997,-0.8660254037844388,0.7818314824680298,0.6234898018587336,32.4,5,7.97076411960133,1,42,6.504417897787517,67,6.541528239202658,P06,pronto para consumo,restaurante,Macapá,AP,Macapá
7,2,2,183,3,0,-0.4999999999999997,-0.8660254037844388,0.9749279121818236,-0.22252093395631434,65.0,6,7.071041541240217,48,35,6.34453642384106,68,6.556291390728477,P02,congelados,atacado,Macapá,AP,Macapá
7,2,2,183,3,0,-0.4999999999999997,-0.8660254037844388,0.9749279121818236,-0.22252093395631434,12.5,6,6.798314268512945,12,43,6.599613686534216,66,6.556291390728477,P06,pronto para consumo,varejo,Belém,PA,Belém
7,2,2,183,3,0,-0.4999999999999997,-0.8660254037844388,0.9749279121818236,-0.22252093395631434,12.5,6,6.798314268512945,12,43,6.599613686534216,52,6.556291390728477,P06,pronto para consumo,varejo,Manaus,AM,Manaus
7,3,3,184,3,0,-0.4999999999999997,-0.8660254037844388,0.43388373911755823,-0.900968867902419,32.4,8,5.993694829760404,17,54,5.896915809947208,52,6.583606557377049,P05,complementos,atacado,Santana,AP,Macapá
7,3,3,184,3,0,-0.4999999999999997,-0.8660254037844388,0.43388373911755823,-0.900968867902419,65.0,7,7.409836065573771,1,36,6.4614154338264695,59,6.583606557377049,P02,congelados,atacado,Santarém,PA,Santarém
7,3,3,184,3,0,-0.4999999999999997,-0.8660254037844388,0.43388373911755823,-0.900968867902419,65.0,5,6.2918032786885245,41,54,5.896915809947208,67,6.583606557377049,P05,complementos,varejo,Belém,PA,Belém
7,4,4,185,3,0,-0.4999999999999997,-0.8660254037844388,-0.433883739117558,-0.9009688679024191,32.4,4,5.322871572871573,42,55,6.881764069264069,69,6.5811688311688314,P01,congelados,varejo,Macapá,AP,Macapá
7,4,4,185,3,0,-0.4999999999999997,-0.8660254037844388,-0.433883739117558,-0.9009688679024191,25.0,3,6.61323051948052,18,37,6.473948670377242,69,6.5811688311688314,P02,congelados,restaurante,Macapá,AP,Macapá
7,4,4,185,3,0,-0.4999999999999997,-0.8660254037844388,-0.433883739117558,-0.9009688679024191,25.0,6,5.809622195985832,1,56,5.9000958058335105,68,6.5811688311688314,P05,complementos,varejo,Belém,PA,Belém
7,6,6,187,3,1,-0.4999999999999997,-0.8660254037844388,-0.7818314824680299,0.6234898018587334,65.0,3,7.236736334405145,148,45,6.677877813504823,53,6.578778135048232,P06,pronto para consumo,atacado,Manaus,AM,Manaus
7,6,6,187,3,1,-0.4999999999999997,-0.8660254037844388,-0.7818314824680299,0.6234898018587334,18.9,2,6.41341295360588,27,54,6.642269333478664,60,6.578778135048232,P04,congelados,restaurante,Santarém,PA,Santarém
7,6,6,187,3,1,-0.4999999999999997,-0.8660254037844388,-0.7818314824680299,0.6234898018587334,45.5,2,7.127698667891594,31,45,6.677877813504823,71,6.578778135048232,P06,pronto para consumo,restaurante,Macapá,AP,Macapá
7,0,7,188,3,0,-0.4999999999999997,-0.8660254037844388,0.0,1.0,25.0,6,6.8016792125072385,47,55,6.680307855626327,61,6.563694267515924,P04,congelados,varejo,Santarém,PA,Santarém
7,0,7,188,3,0,-0.4999999999999997,-0.8660254037844388,0.0,1.0,45.5,2,5.831210191082803,50,56,6.931450349796387,72,6.563694267515924,P01,congelados,atacado,Macapá,AP,Macapá
7,1,8,189,3,0,-0.4999999999999997,-0.8660254037844388,0.7818314824680298,0.6234898018587336,25.0,6,6.704833141542002,12,57,5.86698652511229,73,6.550632911392405,P05,complementos,restaurante,Macapá,AP,Macapá
7,2,9,190,3,0,-0.4999999999999997,-0.8660254037844388,0.9749279121818236,-0.22252093395631434,25.0,10,5.513144058885384,12,56,7.027822309561979,62,6.539432176656152,P03,atacado,atacado,Santarém,PA,Santarém
7,3,10,191,3,0,-0.4999999999999997,-0.8660254037844388,0.43388373911755823,-0.900968867902419,32.4,5,6.670440251572328,11,47,6.532776971456216,74,6.540880503144654,P06,pronto para consumo,atacado,Macapá,AP,Macapá
7,4,11,192,3,0,-0.4999999999999997,-0.8660254037844388,-0.433883739117558,-0.9009688679024191,25.0,5,6.772727272727272,20,57,7.027859237536657,53,6.545454545454546,P03,atacado,restaurante,Santana,AP,Macapá
7,4,11,192,3,0,-0.4999999999999997,-0.8660254037844388,-0.433883739117558,-0.9009688679024191,18.9,5,8.272727272727272,44,48,6.560891938250429,69,6.545454545454546,P06,pronto para consumo,atacado,Belém,PA,Belém
7,5,12,193,3,1,-0.4999999999999997,-0.8660254037844388,-0.9749279121818236,-0.2225209339563146,25.0,3,6.7215732087227416,6,38,6.436571759762371,63,6.554517133956386,P02,congelados,restaurante,Santarém,PA,Santarém
7,5,12,193,3,1,-0.4999999999999997,-0.8660254037844388,-0.9749279121818236,-0.2225209339563146,25.0,5,6.577258566978193,39,49,6.514307142032999,54,6.554517133956386,P06,pronto para consumo,varejo,Santana,AP,Macapá
7,1,15,196,3,0,-0.4999999999999997,-0.8660254037844388,0.7818314824680298,0.6234898018587336,65.0,6,7.257528848860119,4,57,6.9005293118945366,55,6.56656346749226,P01,congelados,restaurante,Santana,AP,Macapá
7,2,16,197,3,0,-0.4999999999999997,-0.8660254037844388,0.9749279121818236,-0.22252093395631434,25.0,7,6.821244855967078,21,58,7.10880854399373,75,6.570987654320987,P03,atacado,varejo,Macapá,AP,Macapá
7,2,16,197,3,0,-0.4999999999999997,-0.8660254037844388,0.9749279121818236,-0.22252093395631434,32.4,5,5.685493827160494,34,56,6.636966201173852,64,6.570987654320987,P04,congelados,atacado,Santarém,PA,Santarém
7,2,16,197,3,0,-0.4999999999999997,-0.8660254037844388,0.9749279121818236,-0.22252093395631434,65.0,7,5.071244855967078,65,58,5.823094258279444,54,6.570987654320987,P05,complementos,atacado,Manaus,AM,Manaus
7,3,17,198,3,0,-0.4999999999999997,-0.8660254037844388,0.43388373911755823,-0.900968867902419,25.0,5,6.982874617737002,31,57,6.706915260925323,76,6.565749235474006,P04,congelados,restaurante,Macapá,AP,Macapá
7,3,17,198,3,0,-0.4999999999999997,-0.8660254037844388,0.43388373911755823,-0.900968867902419,65.0,6,8.257158743397275,16,59,7.044199159021407,70,6.565749235474006,P03,atacado,restaurante,Belém,PA,Belém
7,3,17,198,3,0,-0.4999999999999997,-0.8660254037844388,0.43388373911755823,-0.900968867902419,45.5,6,6.257158743397275,32,59,5.794199159021407,76,6.565749235474006,P05,complementos,atacado,Macapá,AP,Macapá
7,4,18,199,3,0,-0.4999999999999997,-0.8660254037844388,-0.433883739117558,-0.9009688679024191,45.5,8,7.221445221445221,32,58,6.791726791726791,78,6.575757575757576,P04,congelados,varejo,Macapá,AP,Macapá
7,5,19,200,3,1,-0.4999999999999997,-0.8660254037844388,-0.9749279121818236,-0.2225209339563146,25.0,4,6.884525008392078,13,60,5.753241924238902,56,6.59214501510574,P05,complementos,atacado,Santana,AP,Macapá
7,0,21,202,3,0,-0.4999999999999997,-0.8660254037844388,0.0,1.0,65.0,5,7.196686746987952,66,39,6.521974260679079,57,6.593373493975903,P02,congelados,varejo,Santana,AP,Macapá
7,0,21,202,3,0,-0.4999999999999997,-0.8660254037844388,0.0,1.0,25.0,5,5.796686746987952,17,58,6.920109007458405,55,6.593373493975903,P01,congelados,varejo,Manaus,AM,Manaus
7,1,22,203,3,0,-0.4999999999999997,-0.8660254037844388,0.7818314824680298,0.6234898018587336,18.9,7,6.424900199600799,51,60,7.06305849838784,65,6.619760479041916,P03,atacado,restaurante,Santarém,PA,Santarém
7,1,22,203,3,0,-0.4999999999999997,-0.8660254037844388,0.7818314824680298,0.6234898018587336,65.0,4,4.566533599467731,40,59,6.87654378742515,79,6.619760479041916,P04,congelados,atacado,Macapá,AP,Macapá
7,2,23,204,3,0,-0.4999999999999997,-0.8660254037844388,0.9749279121818236,-0.22252093395631434,45.5,3,5.254464285714286,34,60,6.877472527472527,66,6.607142857142857,P04,congelados,restaurante,Santarém,PA,Santarém
7,2,23,204,3,0,-0.4999999999999997,-0.8660254037844388,0.9749279121818236,-0.22252093395631434,12.5,3,5.504464285714286,63,50,6.527922077922078,56,6.607142857142857,P06,pronto para consumo,atacado,Manaus,AM,Manaus
7,3,24,205,3,0,-0.4999999999999997,-0.8660254037844388,0.43388373911755823,-0.900968867902419,12.5,7,7.1730769230769225,45,51,6.519230769230769,57,6.615384615384615,P06,pronto para consumo,atacado,Manaus,AM,Manaus
7,4,25,206,3,0,-0.4999999999999997,-0.8660254037844388,-0.433883739117558,-0.9009688679024191,18.9,7,8.251966568338249,8,59,6.969118731563422,71,6.6047197640118,P01,congelados,restaurante,Belém,PA,Belém
7,4,25,206,3,0,-0.4999999999999997,-0.8660254037844388,-0.433883739117558,-0.9009688679024191,12.5,5,6.702359882005899,89,52,6.456554365264194,67,6.6047197640118,P06,pronto para consumo,varejo,Santarém,PA,Santarém
7,4,25,206,3,0,-0.4999999999999997,-0.8660254037844388,-0.433883739117558,-0.9009688679024191,12.5,11,5.626474926253687,16,61,5.773084830606955,80,6.6047197640118,P05,complementos,atacado,Macapá,AP,Macapá
7,5,26,207,3,1,-0.4999999999999997,-0.8660254037844388,-0.9749279121818236,-0.2225209339563146,65.0,8,4.993027440395862,10,40,6.642430149447693,58,6.581871345029239,P02,congelados,atacado,Manaus,AM,Manaus
7,6,27,208,3,1,-0.4999999999999997,-0.8660254037844388,-0.7818314824680299,0.6234898018587334,12.5,8,7.3725050459744335,24,60,6.889885624579502,68,6.568513119533527,P01,congelados,atacado,Santarém,PA,Santarém
7,0,28,209,3,0,-0.4999999999999997,-0.8660254037844388,0.0,1.0,45.5,3,7.2311046511627906,82,53,6.480152365677626,72,6.569767441860465,P06,pronto para consumo,varejo,Belém,PA,Belém
7,1,29,210,3,0,-0.4999999999999997,-0.8660254037844388,0.7818314824680298,0.6234898018587336,45.5,9,6.342650103519668,26,41,6.5390674228103345,73,6.559420289855073,P02,congelados,atacado,Belém,PA,Belém
7,1,29,210,3,0,-0.4999999999999997,-0.8660254037844388,0.7818314824680298,0.6234898018587336,12.5,5,5.879710144927536,51,41,6.5390674228103345,69,6.559420289855073,P02,congelados,restaurante,Santarém,PA,Santarém
7,2,30,211,3,0,-0.4999999999999997,-0.8660254037844388,0.9749279121818236,-0.22252093395631434,65.0,3,6.595821325648415,92,62,5.712933889629662,81,6.553314121037464,P05,complementos,varejo,Macapá,AP,Macapá
7,3,31,212,3,0,-0.4999999999999997,-0.8660254037844388,0.43388373911755823,-0.900968867902419,65.0,4,5.535121328224776,8,61,6.921455938697318,58,6.563218390804598,P04,congelados,atacado,Santana,AP,Macapá
8,4,1,213,3,0,-0.8660254037844385,-0.5000000000000004,-0.433883739117558,-0.9009688679024191,65.0,9,7.560785918952108,14,62,6.953000042766112,82,6.570200573065903,P04,congelados,varejo,Macapá,AP,Macapá
8,4,1,213,3,0,-0.8660254037844385,-0.5000000000000004,-0.433883739117558,-0.9009688679024191,12.5,2,6.693000409332788,117,61,6.8916818615959015,59,6.570200573065903,P01,congelados,atacado,Santana,AP,Macapá
8,5,2,214,3,1,-0.8660254037844385,-0.5000000000000004,-0.9749279121818236,-0.2225209339563146,65.0,12,5.395341042399866,8,54,6.418996571538944,59,6.544159544159545,P06,pronto para consumo,atacado,Manaus,AM,Manaus
8,6,3,215,3,1,-0.8660254037844385,-0.5000000000000004,-0.7818314824680299,0.6234898018587334,12.5,6,5.615444214876033,104,43,6.495205965909091,74,6.5539772727272725,P02,congelados,restaurante,Belém,PA,Belém
8,6,3,215,3,1,-0.8660254037844385,-0.5000000000000004,-0.7818314824680299,0.6234898018587334,12.5,6,6.7063533057851235,60,55,6.479498106060606,74,6.5539772727272725,P06,pronto para consumo,restaurante,Belém,PA,Belém
8,6,3,215,3,1,-0.8660254037844385,-0.5000000000000004,-0.7818314824680299,0.6234898018587334,32.4,7,8.064157196969697,41,63,5.7760277406417115,60,6.5539772727272725,P05,complementos,varejo,Santana,AP,Macapá
8,6,3,215,3,1,-0.8660254037844385,-0.5000000000000004,-0.7818314824680299,0.6234898018587334,12.5,4,5.641098484848484,39,63,5.7760277406417115,60,6.5539772727272725,P05,complementos,varejo,Manaus,AM,Manaus
8,6,3,215,3,1,-0.8660254037844385,-0.5000000000000004,-0.7818314824680299,0.6234898018587334,65.0,10,6.117992424242424,5,62,6.832386363636364,60,6.5539772727272725,P01,congelados,atacado,Manaus,AM,Manaus
8,1,5,217,3,0,-0.8660254037844385,-0.5000000000000004,0.7818314824680298,0.6234898018587336,65.0,5,6.8843137254901965,17,44,6.568227290916367,83,6.568627450980392,P02,congelados,atacado,Macapá,AP,Macapá
8,1,5,217,3,0,-0.8660254037844385,-0.5000000000000004,0.7818314824680298,0.6234898018587336,18.9,4,6.982570806100218,6,63,6.777104959630911,62,6.568627450980392,P01,congelados,varejo,Manaus,AM,Manaus
8,1,5,217,3,0,-0.8660254037844385,-0.5000000000000004,0.7818314824680298,0.6234898018587336,12.5,6,7.4402852049910875,19,63,6.865340253748559,70,6.568627450980392,P04,congelados,restaurante,Santarém,PA,Santarém
8,1,5,217,3,0,-0.8660254037844385,-0.5000000000000004,0.7818314824680298,0.6234898018587336,45.5,5,4.784313725490196,14,56,6.554805528768885,62,6.568627450980392,P06,pronto para consumo,atacado,Manaus,AM,Manaus
8,4,8,220,3,0,-0.8660254037844385,-0.5000000000000004,-0.433883739117558,-0.9009688679024191,12.5,4,5.749153585718683,16,57,6.511973907604325,76,6.5484764542936285,P06,pronto para consumo,restaurante,Belém,PA,Belém
8,4,8,220,3,0,-0.8660254037844385,-0.5000000000000004,-0.433883739117558,-0.9009688679024191,65.0,6,6.794762024678922,29,64,6.83684611987635,84,6.5484764542936285,P01,congelados,atacado,Macapá,AP,Macapá
8,6,10,222,3,1,-0.8660254037844385,-0.5000000000000004,-0.7818314824680299,0.6234898018587334,18.9,6,6.788379664412722,95,61,6.9798814592203025,71,6.534435261707989,P03,atacado,atacado,Santarém,PA,Santarém
8,6,10,222,3,1,-0.8660254037844385,-0.5000000000000004,-0.7818314824680299,0.6234898018587334,65.0,1,5.612029384756657,41,65,6.838173947264857,77,6.534435261707989,P01,congelados,restaurante,Belém,PA,Belém
8,6,10,222,3,1,-0.8660254037844385,-0.5000000000000004,-0.7818314824680299,0.6234898018587334,32.4,6,7.424743300776359,75,58,6.423367877913333,85,6.534435261707989,P06,pronto para consumo,varejo,Macapá,AP,Macapá
8,0,11,223,3,0,-0.8660254037844385,-0.5000000000000004,0.0,1.0,12.5,3,6.689207650273223,160,45,6.490273224043716,78,6.502732240437158,P02,congelados,varejo,Belém,PA,Belém
8,2,13,225,3,0,-0.8660254037844385,-0.5000000000000004,0.9749279121818236,-0.22252093395631434,18.9,4,7.056312443233424,56,66,6.824039605480293,61,6.501362397820164,P01,congelados,restaurante,Santana,AP,Macapá
8,2,13,225,3,0,-0.8660254037844385,-0.5000000000000004,0.9749279121818236,-0.22252093395631434,32.4,8,6.038985537623139,22,66,6.824039605480293,64,6.501362397820164,P01,congelados,restaurante,Manaus,AM,Manaus
8,3,14,226,3,0,-0.8660254037844385,-0.5000000000000004,0.43388373911755823,-0.900968867902419,65.0,5,5.853387533875339,14,46,6.4810563791912426,86,6.506775067750677,P02,congelados,atacado,Macapá,AP,Macapá
8,3,14,226,3,0,-0.8660254037844385,-0.5000000000000004,0.43388373911755823,-0.900968867902419,25.0,9,5.823848238482385,50,46,6.4810563791912426,62,6.506775067750677,P02,congelados,varejo,Santana,AP,Macapá
8,4,15,227,3,0,-0.8660254037844385,-0.5000000000000004,-0.433883739117558,-0.9009688679024191,32.4,6,7.86179857877971,35,62,6.887757975620549,65,6.495956873315364,P03,atacado,atacado,Manaus,AM,Manaus
8,4,15,227,3,0,-0.8660254037844385,-0.5000000000000004,-0.433883739117558,-0.9009688679024191,18.9,4,6.608864929619646,189,59,6.335621630727763,65,6.495956873315364,P06,pronto para consumo,atacado,Manaus,AM,Manaus
8,5,16,228,3,1,-0.8660254037844385,-0.5000000000000004,-0.9749279121818236,-0.2225209339563146,12.5,8,6.800989894823676,23,65,5.805898123324397,87,6.482573726541555,P05,complementos,atacado,Macapá,AP,Macapá
8,6,17,229,3,1,-0.8660254037844385,-0.5000000000000004,-0.7818314824680299,0.6234898018587334,25.0,11,5.8978943850267385,14,64,6.773424784933736,88,6.473262032085562,P04,congelados,atacado,Macapá,AP,Macapá
8,6,17,229,3,1,-0.8660254037844385,-0.5000000000000004,-0.7818314824680299,0.6234898018587334,12.5,3,6.545788770053476,75,63,6.843622208241586,63,6.473262032085562,P03,atacado,atacado,Santana,AP,Macapá
8,6,17,229,3,1,-0.8660254037844385,-0.5000000000000004,-0.7818314824680299,0.6234898018587334,25.0,8,8.335870012340601,14,64,6.773424784933736,67,6.473262032085562,P04,congelados,varejo,Manaus,AM,Manaus
8,1,19,231,3,0,-0.8660254037844385,-0.5000000000000004,0.7818314824680298,0.6234898018587336,25.0,4,6.379310344827585,46,68,6.8412848370335375,79,6.482758620689655,P01,congelados,restaurante,Belém,PA,Belém
8,1,19,231,3,0,-0.8660254037844385,-0.5000000000000004,0.7818314824680298,0.6234898018587336,12.5,5,5.141379310344827,58,68,6.8412848370335375,68,6.482758620689655,P01,congelados,restaurante,Manaus,AM,Manaus
8,2,20,232,3,0,-0.8660254037844385,-0.5000000000000004,0.9749279121818236,-0.22252093395631434,18.9,6,6.493403693931398,15,60,6.298883702049929,80,6.485488126649076,P06,pronto para consumo,atacado,Belém,PA,Belém
8,2,20,232,3,0,-0.8660254037844385,-0.5000000000000004,0.9749279121818236,-0.22252093395631434,12.5,6,5.220676421204126,1,66,6.822921699059794,89,6.485488126649076,P04,congelados,restaurante,Macapá,AP,Macapá
8,2,20,232,3,0,-0.8660254037844385,-0.5000000000000004,0.9749279121818236,-0.22252093395631434,45.5,6,6.129767330295035,35,66,6.822921699059794,69,6.485488126649076,P04,congelados,atacado,Manaus,AM,Manaus
8,2,20,232,3,0,-0.8660254037844385,-0.5000000000000004,0.9749279121818236,-0.22252093395631434,25.0,10,7.095162708883025,19,66,5.76658367089078,80,6.485488126649076,P05,complementos,varejo,Belém,PA,Belém
8,4,22,234,3,0,-0.8660254037844385,-0.5000000000000004,-0.433883739117558,-0.9009688679024191,12.5,3,6.433420365535248,47,67,5.798157818392806,70,6.493472584856397,P05,complementos,restaurante,Manaus,AM,Manaus
8,5,23,235,3,1,-0.8660254037844385,-0.5000000000000004,-0.9749279121818236,-0.2225209339563146,25.0,7,6.791666666666667,15,61,6.325757575757576,64,6.5,P06,pronto para consumo,atacado,Santana,AP,Macapá
8,6,24,236,3,1,-0.8660254037844385,-0.5000000000000004,-0.7818314824680299,0.6234898018587334,45.5,8,6.574425574425574,1,62,6.290560186082574,82,6.4935064935064934,P06,pronto para consumo,atacado,Belém,PA,Belém
8,6,24,236,3,1,-0.8660254037844385,-0.5000000000000004,-0.7818314824680299,0.6234898018587334,25.0,9,4.747680890538033,29,64,6.832862789384529,82,6.4935064935064934,P03,atacado,atacado,Belém,PA,Belém
8,6,24,236,3,1,-0.8660254037844385,-0.5000000000000004,-0.7818314824680299,0.6234898018587334,32.4,7,6.288961038961038,14,70,6.846233766233766,90,6.4935064935064934,P01,congelados,atacado,Macapá,AP,Macapá
8,0,25,237,3,0,-0.8660254037844385,-0.5000000000000004,0.0,1.0,32.4,5,7.3512886597938145,20,68,6.815245021889563,84,6.502577319587629,P04,congelados,varejo,Belém,PA,Belém
8,0,25,237,3,0,-0.8660254037844385,-0.5000000000000004,0.0,1.0,32.4,4,6.723654066437572,3,71,6.835695876288661,71,6.502577319587629,P01,congelados,restaurante,Manaus,AM,Manaus
8,0,25,237,3,0,-0.8660254037844385,-0.5000000000000004,0.0,1.0,45.5,3,6.189110824742268,24,71,6.835695876288661,91,6.502577319587629,P01,congelados,atacado,Macapá,AP,Macapá
8,1,26,238,3,0,-0.8660254037844385,-0.5000000000000004,0.7818314824680298,0.6234898018587336,32.4,5,7.358312020460358,13,69,6.859231354116265,85,6.516624040920716,P04,congelados,restaurante,Belém,PA,Belém
8,1,26,238,3,0,-0.8660254037844385,-0.5000000000000004,0.7818314824680298,0.6234898018587336,18.9,7,6.381926683716965,49,69,6.859231354116265,92,6.516624040920716,P04,congelados,restaurante,Macapá,AP,Macapá
8,1,26,238,3,0,-0.8660254037844385,-0.5000000000000004,0.7818314824680298,0.6234898018587336,45.5,8,7.737163092661813,32,48,6.4072286831057275,65,6.516624040920716,P02,congelados,restaurante,Santana,AP,Macapá
8,2,27,239,3,0,-0.8660254037844385,-0.5000000000000004,0.9749279121818236,-0.22252093395631434,45.5,6,7.140978311029073,1,71,6.862510018701576,72,6.51015228426396,P04,congelados,restaurante,Santarém,PA,Santarém
8,3,28,240,3,0,-0.8660254037844385,-0.5000000000000004,0.43388373911755823,-0.900968867902419,32.4,6,6.777905638665133,34,72,6.864376130198915,93,6.511392405063291,P04,congelados,varejo,Macapá,AP,Macapá
8,3,28,240,3,0,-0.8660254037844385,-0.5000000000000004,0.43388373911755823,-0.900968867902419,45.5,9,7.325497287522604,32,65,6.807956600361663,73,6.511392405063291,P03,atacado,atacado,Santarém,PA,Santarém
8,3,28,240,3,0,-0.8660254037844385,-0.5000000000000004,0.43388373911755823,-0.900968867902419,18.9,6,7.596087456846951,38,65,6.807956600361663,93,6.511392405063291,P03,atacado,varejo,Macapá,AP,Macapá
8,6,31,243,3,1,-0.8660254037844385,-0.5000000000000004,-0.7818314824680299,0.6234898018587334,45.5,7,7.975083752093802,3,68,5.845219246919529,66,6.540201005025126,P05,complementos,varejo,Santana,AP,Macapá
9,0,1,244,3,0,-1.0,-1.8369701987210297e-16,0.0,1.0,65.0,9,6.554958825635517,16,49,6.347581917757356,74,6.553884711779449,P02,congelados,atacado,Santarém,PA,Santarém
9,0,1,244,3,0,-1.0,-1.8369701987210297e-16,0.0,1.0,12.5,12,6.1040837387586615,15,63,6.378962111160254,67,6.553884711779449,P06,pronto para consumo,atacado,Santana,AP,Macapá
9,1,2,245,3,0,-1.0,-1.8369701987210297e-16,0.7818314824680298,0.6234898018587336,45.5,7,6.899418121363259,28,67,6.955458575782766,86,6.55860349127182,P03,atacado,restaurante,Belém,PA,Belém
9,2,3,246,3,0,-1.0,-1.8369701987210297e-16,0.9749279121818236,-0.22252093395631434,25.0,6,7.614654002713704,9,50,6.43202170963365,75,6.552238805970149,P02,congelados,varejo,Santarém,PA,Santarém
9,4,5,248,3,0,-1.0,-1.8369701987210297e-16,-0.433883739117558,-0.9009688679024191,65.0,5,7.177915632754344,11,73,6.8561430298403,68,6.555831265508685,P01,congelados,restaurante,Santana,AP,Macapá
9,4,5,248,3,0,-1.0,-1.8369701987210297e-16,-0.433883739117558,-0.9009688679024191,12.5,7,5.314929693961952,16,73,6.868963542660813,87,6.555831265508685,P04,congelados,restaurante,Belém,PA,Belém
9,4,5,248,3,0,-1.0,-1.8369701987210297e-16,-0.433883739117558,-0.9009688679024191,32.4,7,5.314929693961952,16,68,6.914782963391006,76,6.555831265508685,P03,atacado,restaurante,Santarém,PA,Santarém
9,6,7,250,3,1,-1.0,-1.8369701987210297e-16,-0.7818314824680299,0.6234898018587334,65.0,7,6.560139573070607,62,69,5.9286712821195575,72,6.544334975369458,P05,complementos,varejo,Manaus,AM,Manaus
9,0,8,251,3,0,-1.0,-1.8369701987210297e-16,0.0,1.0,25.0,5,6.566584766584766,20,51,6.458318708318708,73,6.533169533169533,P02,congelados,restaurante,Manaus,AM,Manaus
9,0,8,251,3,0,-1.0,-1.8369701987210297e-16,0.0,1.0,12.5,6,7.515077060531606,74,70,5.875544635544635,77,6.533169533169533,P05,complementos,restaurante,Santarém,PA,Santarém
9,0,8,251,3,0,-1.0,-1.8369701987210297e-16,0.0,1.0,18.9,7,7.138820638820639,76,74,6.805896805896806,95,6.533169533169533,P01,congelados,restaurante,Macapá,AP,Macapá
9,0,8,251,3,0,-1.0,-1.8369701987210297e-16,0.0,1.0,12.5,3,5.833230958230958,139,69,6.927916860349293,95,6.533169533169533,P03,atacado,restaurante,Macapá,AP,Macapá
9,1,9,252,3,0,-1.0,-1.8369701987210297e-16,0.7818314824680298,0.6234898018587336,45.5,8,6.670222721317611,7,52,6.433559568019806,74,6.542579075425791,P02,congelados,restaurante,Manaus,AM,Manaus
9,1,9,252,3,0,-1.0,-1.8369701987210297e-16,0.7818314824680298,0.6234898018587336,65.0,6,6.064808670648086,42,52,6.433559568019806,74,6.542579075425791,P02,congelados,restaurante,Manaus,AM,Manaus
9,1,9,252,3,0,-1.0,-1.8369701987210297e-16,0.7818314824680298,0.6234898018587336,25.0,5,6.071289537712895,93,74,6.831808802242138,88,6.542579075425791,P04,congelados,varejo,Belém,PA,Belém
9,1,9,252,3,0,-1.0,-1.8369701987210297e-16,0.7818314824680298,0.6234898018587336,65.0,9,5.979492526937782,27,64,6.343665150393173,74,6.542579075425791,P06,pronto para consumo,restaurante,Manaus,AM,Manaus
9,3,11,254,3,0,-1.0,-1.8369701987210297e-16,0.43388373911755823,-0.900968867902419,18.9,4,6.625167336010709,31,70,6.941686746987952,97,6.525301204819277,P03,atacado,varejo,Macapá,AP,Macapá
9,4,12,255,3,0,-1.0,-1.8369701987210297e-16,-0.433883739117558,-0.9009688679024191,12.5,7,7.0576923076923075,40,75,6.783653846153847,77,6.538461538461538,P01,congelados,restaurante,Manaus,AM,Manaus
9,5,13,256,3,1,-1.0,-1.8369701987210297e-16,-0.9749279121818236,-0.2225209339563146,12.5,7,6.635491606714628,24,71,5.95560393790231,78,6.525179856115108,P05,complementos,atacado,Manaus,AM,Manaus
9,5,13,256,3,1,-1.0,-1.8369701987210297e-16,-0.9749279121818236,-0.2225209339563146,32.4,4,6.73621103117506,47,71,5.95560393790231,78,6.525179856115108,P05,complementos,varejo,Santarém,PA,Santarém
9,6,14,257,3,1,-1.0,-1.8369701987210297e-16,-0.7818314824680299,0.6234898018587334,65.0,7,6.885441527446301,35,71,7.008227609596784,89,6.5250596658711215,P03,atacado,varejo,Belém,PA,Belém
9,6,14,257,3,1,-1.0,-1.8369701987210297e-16,-0.7818314824680299,0.6234898018587334,12.5,7,7.552108194112968,30,76,6.711423436164884,98,6.5250596658711215,P01,congelados,atacado,Macapá,AP,Macapá
9,0,15,258,3,0,-1.0,-1.8369701987210297e-16,0.0,1.0,65.0,4,6.5178147268408555,29,77,6.739760152945947,79,6.532066508313539,P01,congelados,atacado,Manaus,AM,Manaus
9,0,15,258,3,0,-1.0,-1.8369701987210297e-16,0.0,1.0,25.0,10,6.844022169437847,14,77,6.739760152945947,79,6.532066508313539,P01,congelados,atacado,Santarém,PA,Santarém
9,2,17,260,3,0,-1.0,-1.8369701987210297e-16,0.9749279121818236,-0.22252093395631434,18.9,8,6.585561011092926,22,79,6.685860632669143,99,6.5224586288416075,P01,congelados,restaurante,Macapá,AP,Macapá
9,3,18,261,3,0,-1.0,-1.8369701987210297e-16,0.43388373911755823,-0.900968867902419,65.0,9,7.402122641509434,23,73,5.96961175616836,80,6.525943396226415,P05,complementos,restaurante,Manaus,AM,Manaus
9,3,18,261,3,0,-1.0,-1.8369701987210297e-16,0.43388373911755823,-0.900968867902419,32.4,5,7.162971698113208,7,54,6.383554525103934,80,6.525943396226415,P02,congelados,varejo,Santarém,PA,Santarém
9,4,19,262,3,0,-1.0,-1.8369701987210297e-16,-0.433883739117558,-0.9009688679024191,25.0,10,7.646635367762129,22,65,6.367136150234742,81,6.539906103286385,P06,pronto para consumo,atacado,Manaus,AM,Manaus
9,5,20,263,3,1,-1.0,-1.8369701987210297e-16,-0.9749279121818236,-0.2225209339563146,45.5,11,7.796252927400468,1,80,6.702824080451853,81,6.548009367681499,P01,congelados,atacado,Santarém,PA,Santarém
9,6,21,264,3,1,-1.0,-1.8369701987210297e-16,-0.7818314824680299,0.6234898018587334,25.0,6,5.616397621070518,38,66,6.419441884954588,82,6.55607476635514,P06,pronto para consumo,atacado,Santarém,PA,Santarém
9,0,22,265,3,0,-1.0,-1.8369701987210297e-16,0.0,1.0,18.9,10,6.118259518259518,13,75,6.759673659673659,82,6.554778554778554,P04,congelados,restaurante,Manaus,AM,Manaus
9,0,22,265,3,0,-1.0,-1.8369701987210297e-16,0.0,1.0,45.5,7,5.98115773115773,50,74,6.022454338910035,83,6.554778554778554,P05,complementos,restaurante,Santarém,PA,Santarém
9,1,23,266,3,0,-1.0,-1.8369701987210297e-16,0.7818314824680298,0.6234898018587336,45.5,5,6.381902552204176,10,76,6.824926241012862,83,6.5638051044083525,P04,congelados,varejo,Manaus,AM,Manaus
9,1,23,266,3,0,-1.0,-1.8369701987210297e-16,0.7818314824680298,0.6234898018587336,18.9,11,6.48868909512761,1,55,6.43031709203403,69,6.5638051044083525,P02,congelados,restaurante,Santana,AP,Macapá
9,2,24,267,3,0,-1.0,-1.8369701987210297e-16,0.9749279121818236,-0.22252093395631434,18.9,13,5.992430074416218,23,81,6.742601643482463,70,6.572748267898383,P01,congelados,atacado,Santana,AP,Macapá
9,2,24,267,3,0,-1.0,-1.8369701987210297e-16,0.9749279121818236,-0.22252093395631434,18.9,8,6.912595487653225,11,75,6.010796766743649,84,6.572748267898383,P05,complementos,atacado,Manaus,AM,Manaus
9,2,24,267,3,0,-1.0,-1.8369701987210297e-16,0.9749279121818236,-0.22252093395631434,32.4,6,8.260340121771993,126,72,7.011217419993401,84,6.572748267898383,P03,atacado,varejo,Santarém,PA,Santarém
9,2,24,267,3,0,-1.0,-1.8369701987210297e-16,0.9749279121818236,-0.22252093395631434,18.9,13,5.659096741082885,53,81,6.742601643482463,84,6.572748267898383,P01,congelados,atacado,Manaus,AM,Manaus
9,2,24,267,3,0,-1.0,-1.8369701987210297e-16,0.9749279121818236,-0.22252093395631434,65.0,10,5.857582755966129,41,72,7.011217419993401,84,6.572748267898383,P03,atacado,varejo,Santarém,PA,Santarém
9,2,24,267,3,0,-1.0,-1.8369701987210297e-16,0.9749279121818236,-0.22252093395631434,18.9,9,5.418838667106566,19,56,6.489569530155605,70,6.572748267898383,P02,congelados,restaurante,Santana,AP,Macapá
9,3,25,268,3,0,-1.0,-1.8369701987210297e-16,0.43388373911755823,-0.900968867902419,25.0,5,6.3835990888382685,94,67,6.414388762338649,72,6.567198177676538,P06,pronto para consumo,varejo,Santana,AP,Macapá
9,3,25,268,3,0,-1.0,-1.8369701987210297e-16,0.43388373911755823,-0.900968867902419,18.9,6,6.6214537171257,75,57,6.416709530457785,86,6.567198177676538,P02,congelados,varejo,Manaus,AM,Manaus
9,4,26,269,3,0,-1.0,-1.8369701987210297e-16,-0.433883739117558,-0.9009688679024191,25.0,6,6.446712018140588,18,74,7.049542179741095,73,6.582766439909297,P03,atacado,restaurante,Santana,AP,Macapá
9,4,26,269,3,0,-1.0,-1.8369701987210297e-16,-0.433883739117558,-0.9009688679024191,18.9,9,6.8509880142533195,2,83,6.726293547722119,87,6.582766439909297,P01,congelados,atacado,Manaus,AM,Manaus
9,4,26,269,3,0,-1.0,-1.8369701987210297e-16,-0.433883739117558,-0.9009688679024191,45.5,4,7.990425799949609,94,58,6.458949717453119,86,6.582766439909297,P02,congelados,atacado,Santarém,PA,Santarém
9,5,27,270,3,1,-1.0,-1.8369701987210297e-16,-0.9749279121818236,-0.2225209339563146,45.5,6,6.440827190827192,4,75,6.985613738738739,100,6.56981981981982,P03,atacado,varejo,Macapá,AP,Macapá
9,5,27,270,3,1,-1.0,-1.8369701987210297e-16,-0.9749279121818236,-0.2225209339563146,45.5,10,4.7899399399399405,34,75,6.985613738738739,88,6.56981981981982,P03,atacado,atacado,Manaus,AM,Manaus
9,5,27,270,3,1,-1.0,-1.8369701987210297e-16,-0.9749279121818236,-0.2225209339563146,18.9,7,6.070758258258259,1,77,6.827428037793892,87,6.56981981981982,P04,congelados,restaurante,Santarém,PA,Santarém
9,6,28,271,3,1,-1.0,-1.8369701987210297e-16,-0.7818314824680299,0.6234898018587334,25.0,8,6.983479607640681,20,84,6.716688032576729,74,6.557046979865772,P01,congelados,restaurante,Santana,AP,Macapá
9,1,30,273,3,0,-1.0,-1.8369701987210297e-16,0.7818314824680298,0.6234898018587336,45.5,7,6.316778273809523,21,76,6.009893077601411,88,6.560267857142857,P05,complementos,restaurante,Santarém,PA,Santarém
10,2,1,274,4,0,-0.8660254037844386,0.5000000000000001,0.9749279121818236,-0.22252093395631434,25.0,6,6.615711682526827,117,85,6.730809205642168,75,6.55456570155902,P01,congelados,restaurante,Santana,AP,Macapá
10,3,2,275,4,0,-0.8660254037844386,0.5000000000000001,0.43388373911755823,-0.900968867902419,32.4,9,7.059523809523809,4,59,6.450520833333333,90,6.566666666666666,P02,congelados,restaurante,Belém,PA,Belém
10,4,3,276,4,0,-0.8660254037844386,0.5000000000000001,-0.433883739117558,-0.9009688679024191,25.0,8,6.2986525669452496,40,78,6.8299094381962435,89,6.576496674057649,P04,congelados,atacado,Manaus,AM,Manaus
10,4,3,276,4,0,-0.8660254037844386,0.5000000000000001,-0.433883739117558,-0.9009688679024191,18.9,8,6.606344874637557,21,77,5.986371748418149,89,6.576496674057649,P05,complementos,restaurante,Manaus,AM,Manaus
10,4,3,276,4,0,-0.8660254037844386,0.5000000000000001,-0.433883739117558,-0.9009688679024191,45.5,8,6.606344874637557,21,77,5.986371748418149,91,6.576496674057649,P05,complementos,restaurante,Belém,PA,Belém
10,5,4,277,4,1,-0.8660254037844386,0.5000000000000001,-0.9749279121818236,-0.2225209339563146,65.0,10,7.590161527165932,16,60,6.520806506269061,92,6.570484581497797,P02,congelados,restaurante,Belém,PA,Belém
10,5,4,277,4,1,-0.8660254037844386,0.5000000000000001,-0.9749279121818236,-0.2225209339563146,65.0,7,5.6543685756240825,13,60,6.520806506269061,92,6.570484581497797,P02,congelados,atacado,Belém,PA,Belém
10,5,4,277,4,1,-0.8660254037844386,0.5000000000000001,-0.9749279121818236,-0.2225209339563146,18.9,12,6.697201347499352,11,60,6.520806506269061,89,6.570484581497797,P02,congelados,restaurante,Santarém,PA,Santarém
10,1,7,280,4,0,-0.8660254037844386,0.5000000000000001,0.7818314824680298,0.6234898018587336,25.0,3,6.7264770240700225,104,79,6.783474002292383,90,6.562363238512035,P04,congelados,varejo,Santarém,PA,Santarém
10,1,7,280,4,0,-0.8660254037844386,0.5000000000000001,0.7818314824680298,0.6234898018587336,65.0,5,5.281181619256018,60,63,6.467820826361179,94,6.562363238512035,P02,congelados,restaurante,Belém,PA,Belém
10,1,7,280,4,0,-0.8660254037844386,0.5000000000000001,0.7818314824680298,0.6234898018587336,12.5,7,7.150984682713347,41,86,6.789140837280881,90,6.562363238512035,P01,congelados,restaurante,Santarém,PA,Santarém
10,1,7,280,4,0,-0.8660254037844386,0.5000000000000001,0.7818314824680298,0.6234898018587336,12.5,8,5.9086012455815515,15,79,6.0096644784828595,94,6.562363238512035,P05,complementos,restaurante,Belém,PA,Belém
10,2,8,281,4,0,-0.8660254037844386,0.5000000000000001,0.9749279121818236,-0.22252093395631434,65.0,11,7.183703904555315,49,68,6.478620033875138,96,6.587852494577007,P06,pronto para consumo,varejo,Belém,PA,Belém
10,2,8,281,4,0,-0.8660254037844386,0.5000000000000001,0.9749279121818236,-0.22252093395631434,32.4,7,5.994938539407086,83,68,6.478620033875138,92,6.587852494577007,P06,pronto para consumo,atacado,Santarém,PA,Santarém
10,2,8,281,4,0,-0.8660254037844386,0.5000000000000001,0.9749279121818236,-0.22252093395631434,12.5,9,6.709947319491788,21,64,6.549844383665,91,6.587852494577007,P02,congelados,restaurante,Manaus,AM,Manaus
10,2,8,281,4,0,-0.8660254037844386,0.5000000000000001,0.9749279121818236,-0.22252093395631434,65.0,8,7.0722509594526946,98,68,6.478620033875138,76,6.587852494577007,P06,pronto para consumo,varejo,Santana,AP,Macapá
10,2,8,281,4,0,-0.8660254037844386,0.5000000000000001,0.9749279121818236,-0.22252093395631434,18.9,6,4.721751133898639,64,87,6.781948505140055,76,6.587852494577007,P01,congelados,atacado,Santana,AP,Macapá
10,3,9,282,4,0,-0.8660254037844386,0.5000000000000001,0.43388373911755823,-0.900968867902419,65.0,7,5.003934191702432,1,71,6.526936977637226,101,6.609442060085837,P06,pronto para consumo,atacado,Macapá,AP,Macapá
10,3,9,282,4,0,-0.8660254037844386,0.5000000000000001,0.43388373911755823,-0.900968867902419,12.5,8,5.849785407725322,123,65,6.629245861434702,97,6.609442060085837,P02,congelados,atacado,Belém,PA,Belém
10,3,9,282,4,0,-0.8660254037844386,0.5000000000000001,0.43388373911755823,-0.900968867902419,18.9,7,6.837267525035766,42,77,6.903014759761332,101,6.609442060085837,P03,atacado,varejo,Macapá,AP,Macapá
10,3,9,282,4,0,-0.8660254037844386,0.5000000000000001,0.43388373911755823,-0.900968867902419,65.0,12,7.2380711941428935,1,80,6.047614238828579,101,6.609442060085837,P05,complementos,varejo,Macapá,AP,Macapá
10,3,9,282,4,0,-0.8660254037844386,0.5000000000000001,0.43388373911755823,-0.900968867902419,32.4,5,6.104721030042919,24,88,6.796206562370207,78,6.609442060085837,P01,congelados,atacado,Santana,AP,Macapá
10,3,9,282,4,0,-0.8660254037844386,0.5000000000000001,0.43388373911755823,-0.900968867902419,25.0,9,6.074800735744942,6,77,6.903014759761332,93,6.609442060085837,P03,atacado,atacado,Santarém,PA,Santarém
10,6,12,285,4,1,-0.8660254037844386,0.5000000000000001,-0.7818314824680299,0.6234898018587334,45.5,8,6.164276401564537,12,66,6.706135115779422,98,6.627118644067797,P02,congelados,restaurante,Belém,PA,Belém
10,6,12,285,4,1,-0.8660254037844386,0.5000000000000001,-0.7818314824680299,0.6234898018587334,65.0,11,6.883474576271187,27,81,6.11785573512022,104,6.627118644067797,P05,complementos,atacado,Macapá,AP,Macapá
10,1,14,287,4,0,-0.8660254037844386,0.5000000000000001,0.7818314824680298,0.6234898018587336,65.0,6,5.919255849635596,7,67,6.751552977027661,99,6.622362869198312,P02,congelados,restaurante,Belém,PA,Belém
10,1,14,287,4,0,-0.8660254037844386,0.5000000000000001,0.7818314824680298,0.6234898018587336,45.5,6,5.919255849635596,5,89,6.76714696112757,94,6.622362869198312,P01,congelados,atacado,Santarém,PA,Santarém
10,1,14,287,4,0,-0.8660254037844386,0.5000000000000001,0.7818314824680298,0.6234898018587336,65.0,5,6.411181434599156,60,72,6.533919666831059,94,6.622362869198312,P06,pronto para consumo,atacado,Santarém,PA,Santarém
10,1,14,287,4,0,-0.8660254037844386,0.5000000000000001,0.7818314824680298,0.6234898018587336,18.9,7,6.092651195499297,17,79,6.894188266023709,99,6.622362869198312,P03,atacado,varejo,Belém,PA,Belém
10,2,15,288,4,0,-0.8660254037844386,0.5000000000000001,0.9749279121818236,-0.22252093395631434,18.9,9,7.006126718469815,52,80,6.871597341865616,105,6.617154811715481,P03,atacado,atacado,Macapá,AP,Macapá
10,3,16,289,4,0,-0.8660254037844386,0.5000000000000001,0.43388373911755823,-0.900968867902419,25.0,3,5.763830897703549,101,82,6.0587430710531995,101,6.622129436325679,P05,complementos,atacado,Belém,PA,Belém
10,3,16,289,4,0,-0.8660254037844386,0.5000000000000001,0.43388373911755823,-0.900968867902419,12.5,14,5.795297220085705,22,73,6.565521117713184,96,6.622129436325679,P06,pronto para consumo,atacado,Santarém,PA,Santarém
