ordem,venda_id,motivo
19,V0020,quantidade_invalida
22,V0023,data_invalida
28,V0029,cliente_desconhecido
30,V0031,preco_invalido
36,V0037,produto_desconhecido
39,V0040,quantidade_invalida
45,V0046,data_invalida
57,V0058,cliente_desconhecido
59,V0060,quantidade_invalida
61,V0062,preco_invalido
68,V0069,data_invalida
73,V0074,produto_desconhecido
79,V0080,quantidade_invalida
86,V0087,cliente_desconhecido
91,V0092,data_invalida
92,V0093,preco_invalido
99,V0100,quantidade_invalida
110,V0111,produto_desconhecido
114,V0115,data_invalida
115,V0116,cliente_desconhecido
119,V0120,quantidade_invalida
123,V0124,preco_invalido
137,V0138,data_invalida
139,V0140,quantidade_invalida
144,V0145,cliente_desconhecido
147,V0148,produto_desconhecido
154,V0155,preco_invalido
159,V0160,quantidade_invalida
160,V0161,data_invalida
173,V0174,cliente_desconhecido
179,V0180,quantidade_invalida
183,V0184,data_invalida
184,V0185,produto_desconhecido
185,V0186,preco_invalido
199,V0200,quantidade_invalida
202,V0203,cliente_desconhecido
206,V0207,data_invalida
216,V0217,preco_invalido
219,V0220,quantidade_invalida
221,V0222,produto_desconhecido
229,V0230,data_invalida
231,V0232,cliente_desconhecido
239,V0240,quantidade_invalida
247,V0248,preco_invalido
252,V0253,data_invalida
258,V0259,produto_desconhecido
259,V0260,quantidade_invalida
260,V0261,cliente_desconhecido
275,V0276,data_invalida
278,V0279,preco_invalido
279,V0280,quantidade_invalida
289,V0290,cliente_desconhecido
295,V0296,produto_desconhecido
298,V0299,data_invalida
299,V0300,quantidade_invalida
309,V0310,preco_invalido
318,V0319,cliente_desconhecido
319,V0320,quantidade_invalida
321,V0322,data_invalida
332,V0333,produto_desconhecido
339,V0340,quantidade_invalida
340,V0341,preco_invalido
344,V0345,data_invalida
347,V0348,cliente_desconhecido
359,V0360,quantidade_invalida
367,V0368,data_invalida
369,V0370,produto_desconhecido
371,V0372,preco_invalido
376,V0377,cliente_desconhecido
379,V0380,quantidade_invalida
390,V0391,data_invalida
399,V0400,quantidade_invalida
402,V0403,preco_invalido
405,V0406,cliente_desconhecido
406,V0407,produto_desconhecido
413,V0414,data_invalida
419,V0420,quantidade_invalida
433,V0434,preco_invalido
434,V0435,cliente_desconhecido
436,V0437,data_invalida
439,V0440,quantidade_invalida
443,V0444,produto_desconhecido
459,V0460,quantidade_invalida
463,V0464,cliente_desconhecido
464,V0465,preco_invalido
479,V0480,quantidade_invalida
480,V0481,produto_desconhecido
482,V0483,data_invalida
492,V0493,cliente_desconhecido
495,V0496,preco_invalido
499,V0500,quantidade_invalida
505,V0506,data_invalida
517,V0518,produto_desconhecido
519,V0520,quantidade_invalida
521,V0522,cliente_desconhecido
526,V0527,preco_invalido
528,V0529,data_invalida
539,V0540,quantidade_invalida
550,V0551,cliente_desconhecido
551,V0552,data_invalida
554,V0555,produto_desconhecido
557,V0558,preco_invalido
559,V0560,quantidade_invalida
574,V0575,data_invalida
579,V0580,quantidade_invalida
588,V0589,preco_invalido
591,V0592,produto_desconhecido
597,V0598,data_invalida
599,V0600,quantidade_invalida
608,V0609,cliente_desconhecido
619,V0620,quantidade_invalida
620,V0621,data_invalida
628,V0629,produto_desconhecido
637,V0638,cliente_desconhecido
639,V0640,quantidade_invalida
643,V0644,data_invalida
650,V0651,preco_invalido
659,V0660,quantidade_invalida
665,V0666,produto_desconhecido
666,V0667,data_invalida
679,V0680,quantidade_invalida
681,V0682,preco_invalido
689,V0690,data_invalida
695,V0696,cliente_desconhecido
699,V0700,quantidade_invalida
702,V0703,produto_desconhecido
712,V0713,data_invalida
719,V0720,quantidade_invalida
720,V0001,duplicada
721,V0002,duplicada
722,V0003,duplicada
723,V0004,duplicada
724,V0005,duplicada
725,V0006,duplicada
726,V0007,duplicada
727,V0008,duplicada
728,V0009,duplicada
729,V0010,duplicada
730,V0011,duplicada
731,V0012,duplicada
732,V0013,duplicada
733,V0014,duplicada
734,V0015,duplicada
735,V0016,duplicada
736,V0017,duplicada
737,V0018,duplicada
738,V0019,duplicada
739,V0020,quantidade_invalida
